title,title_id,format,file_formats,version
15 in 1 Solitaire,PPSA15706,APR-EMU,"APR-EMU, RAR",01.000
3D Billiards Pool and Snooker Remastered,PPSA02800,APR-EMU,"APR-EMU, RAR",01.002
3D MiniGolf,PPSA03647,exFAT · PKG · Backport,"exFAT, PKG, APR-EMU, Backport",01.000
41 Hours,PPSA04583,exFAT · PKG · Backport,"Backport, exFAT, Backport 4.xx, ZIP, PKG",01.000
63 Days,PPSA21022,exFAT · PKG · Backport,"Backport, PKG, exFAT, APR-EMU, Backport 4.xx",01.090
A Memoir Blue,PPSA05265,exFAT · PKG · Backport,"Backport, APR-EMU, PKG, exFAT",01.002
A Plague Tale Innocence,PPSA02387,exFAT · PKG,"exFAT, PKG",01.000
A Plague Tale Requiem,PPSA05366,exFAT · PKG · Backport,"Backport, PKG, exFAT, Backport 4.xx",01.005
A Quiet Place The Road Ahead,PPSA19007,exFAT · Folder · Backport,"Backport, exFAT, Folder, ZIP, Backport 4.xx, Backport 5.xx, PKG",01.006
A Quiet Place: The Road Ahead,PPSA19006,PKG,PKG,01.000
AAA Dynamic Scenes,PPSA22996,APR-EMU,"APR-EMU, RAR",01.000
Abandoned Realtime Trailers Demo,PPSA04366,PKG,"PKG, unknown",01.009
Absolum,PPSA28311,RAR,RAR,01.002
Ad Infinitum,PPSA10600,exFAT · PKG · Backport,"Backport, PKG, exFAT, Backport 4.xx, ZIP, Backport 5.xx",01.000
Aeterna Noctis,PPSA04109,exFAT · PKG · Backport 4.xx,"exFAT, PKG, Backport 4.xx",03.003.001
AEW Fight Forever,PPSA09351,exFAT · PKG · Backport,"RAR, Backport, PKG, exFAT, ZIP, Backport 4.xx",01.010
After The Fall,PPSA10602,unknown,unknown,01.003
Afterimage,PPSA14053,exFAT · PKG · Backport,"Backport, PKG, exFAT, Backport 4.xx, ZIP, Backport 5.xx",01.000
Agatha Christie Death on The Nile,PPSA27765,exFAT · Backport,"Backport, exFAT, Backport 4.xx, unknown",01.000
AI LIMIT,PPSA27366,APR-EMU · Backport,"Backport, APR-EMU, RAR",01.025
Alan Wake 2 Deluxe Edition,PPSA02572,exFAT · PKG · Backport 7.xx,"exFAT, PKG, Backport 7.xx, Backport 4.xx, APR-EMU, RAR",01.200.007
Alan Wake Remastered,PPSA01924,exFAT · PKG,"exFAT, PKG",01.005
Alex Kidd in Miracle World DX,PPSA02664,RAR,RAR,01.004
Alien Rogue Incursion,PPSA06448,Backport 5.50,"Backport 5.50, Backport",01.009
Aliens Dark Descent,PPSA08312,exFAT · PKG · Backport,"Backport, PKG, exFAT, Backport 4.xx, ZIP, Backport 5.xx",01.000
Aliens Fireteam Elite,PPSA03393,exFAT · PKG,"exFAT, PKG",01.040
Alone in the Dark,PPSA08240,PKG · Backport,"PKG, Backport",01.000
Alone In The Dark,PPSA08135,exFAT · Folder · Backport,"Backport, exFAT, Folder, ZIP, Backport 4.xx, Backport 5.xx, PKG",01.008
Alone in The Dark 2 1996,PPSA24515,exFAT · PKG · Backport,"Backport, PKG, Backport 4.xx, exFAT",01.000.003
Among Us,PPSA03596,unknown,unknown,1.0
Animal Well,PPSA22520,exFAT · PKG · Backport,"Backport, PKG, exFAT, APR-EMU, Backport 4.xx",01.000.011
Anno 1800 Console Edition,PPSA04716,PKG · Backport 4.xx,"PKG, Backport 4.xx, RAR",01.700
Another Crabs Treasure,PPSA20423,exFAT · PKG · Backport 4.xx,"exFAT, RAR, Backport 4.xx, PKG",02.000
Ape Academy 2,PPSA11132,exFAT · Backport,"Backport, exFAT, Backport 4.xx, ZIP, Backport 5.xx, RAR",01.001
Ape Escape,PPSA06320,exFAT · Folder · Backport,"Backport, exFAT, Folder, Backport 4.xx, ZIP, Backport 5.xx, RAR",01.004
Ape Escape P,PPSA11128,exFAT · Folder · Backport,"Backport, exFAT, Folder, RAR, Backport 4.xx, ZIP, Backport 5.xx",01.003
Apsulov: End of Gods,PPSA03084,PKG,"PKG, unknown",01.000
Aragami 2,PPSA02491,unknown,unknown,1.0
Arcade Game Zone,PPSA19015,PKG,"PKG, unknown",01.000
Arcade Spirits The New Challengers,PPSA06409,exFAT · PKG · Backport,"Backport, PKG, exFAT, Backport 4.xx",01.000
Arcadegeddon,PPSA04020,exFAT · PKG,"exFAT, PKG, unknown",01.042
ArcRunner,PPSA21406,Folder · PKG · Backport 4.xx,"PKG, Backport 4.xx, Backport 5.xx, Folder, ZIP, RAR",01.000
Arizona Sunshine 2,PPSA17011,unknown,unknown,01.012
Arizona Sunshine Remake,PPSA21738,Backport 5.xx,"Backport 5.xx, Backport 4.xx, unknown",01.005
ARK Survival Ascended,PPSA16810,exFAT · Folder · Backport,"Backport, exFAT, Folder, ZIP, Backport 4.xx, Backport 5.xx, Backport 6.xx, RAR",01.084.021
ARK: Survival Ascended,PPSA17101,exFAT · Folder · Backport 4.xx,"PKG, exFAT, Folder, ZIP, Backport 4.xx, Backport 5.xx, Backport 6.xx",01.073.007
Arkanoid Eternal Battle,PPSA06328,PKG · Backport 4.xx,"PKG, Backport 4.xx",01.020
Armored Core 6 Fires of Rubicon,PPSA06774,exFAT · PKG,"exFAT, APR-EMU, PKG",01.009
Art of Rally,PPSA03659,exFAT · PKG · Backport,"Backport, exFAT, PKG, RAR, ZIP, Backport 4.xx",01.006
Art of Rally,PPSA03686,exFAT · PKG · Backport,"Backport, exFAT, PKG, RAR, Backport 4.xx, ZIP",01.007
Assassins Creed Mirage,PPSA07230,exFAT · PKG · Backport 4.xx,"exFAT, APR-EMU, PKG, Backport 4.xx",01.012
Assassins Creed Shadows,PPSA20397,exFAT · Folder · Backport,"Backport, exFAT, Folder, PKG, APR-EMU, Backport 4.xx, RAR",01.019.076
Assassins Creed Shadows,PPSA20396,PKG · Backport 4.xx,"PKG, RAR, Backport 4.xx",01.019.076
Assassins Creed Valhalla,PPSA01490,exFAT · PKG,"PKG, exFAT, APR-EMU",01.000
Assassins Creed Valhalla,PPSA22924,PKG,"PKG, unknown",01.008
Assassins Creed Valhalla Complete Edition,PPSA01532,exFAT · PKG,"exFAT, PKG",01.070
Assetto Corsa Competizione,PPSA03847,exFAT · PKG,"exFAT, PKG, RAR, unknown",01.009.014
Assetto Corsa Competizione,PPSA03364,PKG,"PKG, unknown",02.000.000
Asterigos Curse of The Stars,PPSA08194,exFAT · Folder · Backport,"Backport, Folder, PKG, exFAT, Backport 4.xx",01.004.001
Asterigos: Curse of the Stars,PPSA07653,PKG,"PKG, unknown",01.000.000
Asterix and Obelix Babylon Mission,PPSA30490,exFAT · Backport,"Backport, exFAT, Backport 4.xx, Backport 7.xx, Backport 6.xx",01.000
Asterix and Obelix Heroes,PPSA16709,exFAT · PKG,"exFAT, RAR, PKG",01.000
Asterix and Obelix Slap Them All,PPSA08576,exFAT · Folder · Backport,"Backport, PKG, RAR, exFAT, Folder, APR-EMU, Backport 4.xx",01.000
Asterix and Obelix Slap Them All 2,PPSA16746,exFAT · Folder · Backport,"Backport, Folder, PKG, exFAT, Backport 4.xx",01.004
Asterix and Obelix XXL 2,PPSA08164,exFAT · Folder · Backport,"Backport, Folder, PKG, exFAT, Backport 4.xx",01.001
Asterix and Obelix XXL 3 The Crystal Menhir,PPSA07498,exFAT · Folder · Backport,"Backport, Folder, PKG, exFAT, Backport 4.xx",02.000
Asterix and Obelix XXL Romastered,PPSA08162,exFAT · Folder · Backport,"Backport, Folder, PKG, exFAT, Backport 4.xx",01.001
Asterix and Obelix XXXL The Ram From Hibernia,PPSA08448,exFAT · PKG · Backport,"Backport, PKG, exFAT, RAR, Backport 4.xx, unknown",01.002
Astria Ascending,PPSA03174,unknown,unknown,1.0
ASTRO BOT,PPSA21564,exFAT · PKG · Backport,"Backport, PKG, exFAT",01.007.000
ASTRO BOT,PPSA21567,FFPFSC · exFAT · Backport 4.xx,"FFPFSC, exFAT, PKG, Backport 4.xx, Backport 7.xx, Backport 6.xx, Backport 4.03, RAR",01.018
Astro’s Playroom,PPSA01325,PKG,"PKG, unknown",01.600
Atari 50 The Anniversary Celebration Expanded Edition,PPSA08601,exFAT · PKG · Backport,"Backport, PKG, Backport 4.xx, exFAT, unknown",01.009
Atelier Marie Remake The Alchemist of Salburg,PPSA10906,exFAT · PKG · Backport,"Backport, PKG, exFAT, APR-EMU, Backport 4.xx, unknown",01.000
Atlas Fallen,PPSA03388,PKG · Backport 4.xx,"PKG, RAR, Backport 4.xx, unknown",01.005.400
Atomfall Complete Edition,PPSA15493,exFAT · PKG · Backport 4.xx,"exFAT, PKG, APR-EMU, Backport 4.xx, RAR, Backport",01.023
Atomic Heart,PPSA10696,exFAT · PKG · Backport 4.xx,"exFAT, PKG, Backport 4.xx",01.015.100
Atomic Heart Premium Edition,PPSA10695,PKG · Backport,"Backport, PKG, ZIP, Backport 4.xx",01.011.000
Avatar Frontiers of Pandora,GAME_23531,exFAT · APR-EMU · Backport 4.xx,"exFAT, APR-EMU, Backport 4.xx, Backport 5.xx, Backport 6.xx, Backport 7.xx, RAR",01.020
Avatar Frontiers of Pandora Complete Edition,PPSA01575,exFAT · APR-EMU · Backport,"Backport, exFAT, APR-EMU, RAR, Backport 4.xx, Backport 5.xx, Backport 6.xx, Backport 7.xx",01.020
Avatar The Last Airbender Quest for Balance,PPSA04341,exFAT · PKG · Backport,"Backport, PKG, exFAT, ZIP, Backport 4.xx, Backport 5.xx, Backport 6.xx",01.000
Avatar: Frontiers of Pandora,PPSA01576,exFAT · PKG · Backport 4.xx,"PKG, Backport 4.xx, Backport 5.xx, Backport 6.xx, Backport 7.xx, exFAT, APR-EMU, RAR",01.011
Away: The Survival Series,PPSA04702,PKG,"PKG, unknown",01.009
Back 4 Blood,PPSA01696,exFAT · PKG,"PKG, exFAT",01.006
Back 4 Blood Ultimate Edition,PPSA01695,exFAT · PKG,"exFAT, APR-EMU, RAR, PKG",01.011
Baldurs Gate 3 Deluxe Edition,PPSA14002,exFAT · PKG · Backport,"Backport, PKG, exFAT, RAR, Backport 4.xx, Backport 6.xx",01.800
Baldur’s Gate 3,PPSA18463,exFAT · PKG · Backport 4.xx,"PKG, exFAT, Backport 4.xx, Backport 6.xx",01.800.700
Banishers Ghosts of New Eden,PPSA10053,FFPFSC · exFAT · Backport,"Backport, PKG, FFPFSC, exFAT, Folder, ZIP, Backport 4.xx, Backport 5.xx, Backport 6.xx",01.005.000
Barbie Project Friendship,PPSA17465,exFAT · PKG · Backport 4.xx,"exFAT, PKG, APR-EMU, Backport 4.xx, unknown",01.002
Bassmaster Fishing 2022,PPSA04071,PKG,"PKG, unknown",01.020
Battlefield 6,PPSA19534,PKG,"PKG, unknown",01.000.016
Beast of Reincarnation Deluxe Edition,PPSA29343,exFAT · PKG · Backport,"Backport, PKG, exFAT, RAR, Backport 4.xx",01.000
Beat Saber,PPSA15035,Folder · Backport 4.xx,"Folder, ZIP, Backport 4.xx, Backport 5.xx",01.012.000
Bendy and the Dark Revival,PPSA27624,exFAT · PKG · Backport,"Backport, PKG, Backport 7.xx, exFAT, APR-EMU",01.000
Bendy and The Ink Machine,PPSA27616,exFAT · PKG · Backport,"Backport, APR-EMU, PKG, exFAT, RAR, Backport 7.xx",01.000.100
Bendy Lone Wolf,PPSA28609,exFAT · PKG · Backport,"Backport, PKG, exFAT, APR-EMU, Backport 4.xx, Backport 7.xx",01.000
Beneath,PPSA27640,exFAT · PKG · Backport,"Backport, PKG, RAR, exFAT, Backport 4.xx, unknown",01.006
Beyond a Steel Sky,PPSA03979,PKG,"PKG, unknown",01.002
Beyond Good and Evil 20th Anniversary Edition,PPSA08705,exFAT · PKG · Backport,"Backport, exFAT, ZIP, Backport 4.xx, PKG",01.004
Bibi and Tina At The Horse Farm,PPSA02604,exFAT · PKG,"exFAT, APR-EMU, PKG",01.001
BIOHAZARD RE:4,PPSA07413,PKG · Backport 4.xx,"PKG, Backport 4.xx",01.400
Biomutant,PPSA06254,PKG,PKG,01.000
Biomutant,PPSA06255,exFAT · PKG · Backport,"Backport, exFAT, PKG, Backport 4.xx",01.003
Black Myth Wukong Deluxe Edition,PPSA23226,exFAT · PKG · Backport,"Backport, PKG, exFAT, ZIP, Backport 4.xx, Backport 5.xx, Backport 6.xx, Backport 7.xx, RAR",01.021
Blacksad Under The Skin,PPSA22420,exFAT · PKG · Backport 4.xx,"exFAT, PKG, APR-EMU, Backport 4.xx, RAR",01.001
Blackwind,PPSA03469,unknown,"unknown, RAR",01.002.006
Blades of Fire,PPSA26311,PKG · Backport 4.xx,"PKG, RAR, Backport 4.xx, unknown",01.004.001
Blasphemous 2,PPSA13579,FFPFSC · exFAT · Backport,"Backport, FFPFSC, exFAT, PKG, Backport 4.xx, ZIP, Backport 5.xx",01.007.000
Blasphemous II,PPSA13580,PKG,PKG,01.001.000
BlazBlue Entropy Effect X Deluxe Edition,PPSA29714,exFAT · PKG · Backport,"Backport, PKG, exFAT, APR-EMU, Backport 4.xx, unknown",02.013
Blazing Strike,PPSA08408,APR-EMU,APR-EMU,01.100
Bleak Faith Forsaken,PPSA22299,exFAT · PKG · Backport,"Backport, PKG, exFAT, ZIP, Backport 4.xx, Backport 5.xx, RAR",01.010
Blood Bowl III,PPSA08555,PKG · Backport 4.xx,"PKG, Backport 4.xx, unknown",01.000
Blue Prince,PPSA25009,exFAT · PKG · Backport 4.xx,"APR-EMU, PKG, exFAT, RAR, Backport 4.xx",01.008
Borderlands 3,PPSA01462,exFAT · PKG,"exFAT, PKG, unknown",01.900
Borderlands 4,PPSA01494,exFAT · PKG · Backport 4.xx,"exFAT, PKG, RAR, Backport 4.xx",01.003.001
Born of Bread,PPSA14457,exFAT · Folder · Backport,"Backport, PKG, exFAT, Folder, Backport 4.xx, ZIP, Backport 5.xx, RAR",02.000
Bramble: The Mountain King,PPSA09426,PKG · Backport 4.xx,"PKG, Backport 4.xx, ZIP, Backport 5.xx",01.000
Breathedge,PPSA04243,exFAT · PKG,"exFAT, PKG, unknown",01.000
Brothers A Tale of Two Sons Remake,PPSA14501,exFAT · PKG · Backport,"Backport, PKG, exFAT, APR-EMU, Backport 4.xx, RAR",02.000
BUBBLE BOBBLE Sugar Dungeons,PPSA26356,exFAT · PKG · Backport,"Backport, PKG, APR-EMU, exFAT, Backport 4.xx",01.000
Bud Spencer Terence Hill Slaps And Beans 2,PPSA15929,exFAT · PKG · Backport,"Backport, PKG, exFAT, APR-EMU, Backport 4.xx",01.000
Bugsnax,PPSA01502,PKG,PKG,02.000
Bugsnax,PPSA01503,unknown,unknown,02.000
Bum Simulator,PPSA19624,exFAT · Backport,"Backport, exFAT, Backport 4.xx, ZIP, RAR",01.000.004
Call of Duty Black Ops Cold War,PPSA01628,FFPFSC · exFAT,"exFAT, APR-EMU, PKG, FFPFSC, Folder, RAR",01.040
Call of Duty Modern Warfare 2,PPSA23012,exFAT · PKG · Backport,"exFAT, Backport, APR-EMU, PKG",01.001
Call of Duty Modern Warfare 3,PPSA01649,exFAT · Folder,"exFAT, Folder, APR-EMU",01.055
Call of Duty Vanguard,PPSA01687,FFPFSC · exFAT,"exFAT, APR-EMU, PKG, FFPFSC, Folder, RAR",01.027
Call of The Sea,PPSA01546,PKG,"PKG, unknown",02.000
Cant Drive This,PPSA02743,unknown,"unknown, RAR",01.005
Carmen Sandiego Deluxe Edition,PPSA25256,exFAT · Backport,"Backport, exFAT, Backport 4.xx",01.009
Castlevania Dominus Collection,PPSA15645,exFAT · PKG · Backport,"Backport, PKG, exFAT, Backport 4.xx, unknown",01.003
Cat Quest 3,PPSA15065,exFAT · PKG · Backport 4.xx,"exFAT, PKG, Backport 4.xx, unknown",01.000.001
Cave Digger 2 Dig Harder,PPSA08479,Folder · PKG,"PKG, Folder, RAR",01.000
Charon’s Staircase,PPSA06603,PKG · Backport,"PKG, Backport",01.000
Chernobylite,PPSA04747,exFAT · PKG,"PKG, exFAT",01.000
Choo Choo Charles,PPSA17313,exFAT · PKG · Backport,"Backport, PKG, Backport 4.xx, exFAT",02.000
Clair Obscur: Expedition 33,PPSA17599,FFPKG · exFAT · Backport 8.xx,"exFAT, Folder, PKG, Backport 8.xx, FFPKG, RAR, Backport 4.xx, Backport 2.xx",01.500.300
Clash: Artifacts of Chaos,PPSA05057,PKG · Backport 4.xx,"PKG, Backport 4.xx, ZIP, Backport 5.xx",01.000
Cobra Kai 2 Dojos Rising,PPSA04645,PKG,"PKG, unknown",01.000
Cocoon,PPSA08766,RAR,RAR,01.004.000
CODE VEIN 2,PPSA23908,exFAT · PKG · Backport 4.xx,"exFAT, PKG, Backport 4.xx",01.001
Code Violet,PPSA26528,exFAT · PKG · Backport,"Backport, PKG, exFAT, Backport 5.xx, unknown, RAR",01.028
Commandos Origins,PPSA14708,exFAT · PKG · Backport,"Backport, PKG, exFAT, Backport 4.xx",01.004
Construction Simulator Gold Edition,PPSA04379,exFAT · Folder · Backport,"Backport, Folder, PKG, APR-EMU, exFAT, RAR, Backport 4.xx",01.040
Contra Operation Galuga,PPSA15368,exFAT · PKG · Backport,"Backport, PKG, exFAT, Backport 4.xx, unknown",01.003
Control Ultimate Edition,PPSA01951,PKG,PKG,01.003
Control Ultimate Edition,PPSA01949,exFAT · PKG · Backport,"exFAT, RAR, Backport, PKG",01.004
Crash Bandicoot 4 Its About Time,PPSA02433,exFAT · PKG,"exFAT, PKG",01.000.002
Crazy Chicken Shooter Bundle,PPSA03117,unknown,unknown,1.0
Crime Boss Rockay City,PPSA06382,exFAT · Backport 4.xx,"exFAT, Backport 4.xx, Backport, ZIP, Backport 5.xx",01.049
Crime Boss Rockay City The Complete Collection,PPSA06381,exFAT · Backport,"Backport, exFAT, Backport 4.xx",01.049
Crimson Desert,PPSA10023,PKG · Backport,"PKG, Backport",01.000.151
Crimson Desert Deluxe Edition,PPSA25286,exFAT · Folder · Backport,"Backport, exFAT, Folder, PKG, Backport 4.xx, Backport 5.xx, ZIP",01.000.151
Crimson Spires,PPSA03568,PKG,"PKG, unknown",01.003
Cris Tales,PPSA02121,exFAT · PKG,"exFAT, APR-EMU, PKG, RAR",01.000
Crisis Core Final Fantasy VII Reunion,PPSA07809,exFAT · PKG · Backport,"Backport, PKG, exFAT, APR-EMU, RAR, Backport 4.xx",01.004
Cronos The New Dawn,PPSA24096,exFAT · PKG · Backport 4.xx,"exFAT, PKG, Backport 4.xx, RAR, Backport 7.xx",01.010
Crossfire: Sierra Squad,PPSA13339,PKG · Backport 4.xx,"PKG, Backport 4.xx, unknown",01.008.001
Crown Wars: The Black Prince,PPSA09252,Folder · PKG · Backport 4.xx,"PKG, Folder, ZIP, Backport 4.xx, Backport 5.xx",02.000
Crymachina Deluxe Edition,PPSA14427,exFAT · PKG · Backport,"Backport, PKG, exFAT, Backport 4.xx",01.008
Cult Of The Lamb,PPSA06465,exFAT · PKG · Backport,"Backport, PKG, exFAT, RAR, ZIP, Backport 4.xx",01.023
Cult Of The Lamb,PPSA06464,exFAT · Backport 4.xx,"exFAT, RAR, Backport 4.xx",01.034
Curved Space,PPSA02817,unknown,unknown,1.0
Cyberpunk 2077 Ultimate Edition,PPSA04029,unknown,unknown,02.120
Cygni All Guns Blazing,PPSA05991,exFAT · Folder · Backport,"Backport, PKG, exFAT, Folder, Backport 4.xx, ZIP, Backport 5.xx, Backport 6.xx",01.002
Daemon X Machina Titanic Scion,PPSA23253,PKG,PKG,01.001
Daemon X Machina Titanic Scion,PPSA29154,exFAT · PKG · Backport 4.xx,"exFAT, PKG, RAR, Backport 4.xx",01.002.002
Dakar Desert Rally,PPSA04477,PKG,"PKG, unknown",02.003.245
Darkest Dungeon II,PPSA19590,PKG,PKG,01.000
Darkest Dungeon II,PPSA19591,exFAT · PKG,"exFAT, PKG, RAR",01.015
Darksiders 2 Deathinitive Edition,PPSA23806,exFAT · PKG · Backport,"Backport, PKG, Backport 7.xx, exFAT, APR-EMU, RAR",01.002
Darksiders Warmastered Edition,PPSA31977,exFAT · PKG · Backport,"Backport, PKG, exFAT, Backport 4.xx, unknown, RAR",01.000
Daymare 1994 Sandcastle,PPSA09483,PKG · Backport,"Backport, PKG",02.004
Daymare 1994 Sandcastle,PPSA09482,exFAT · Backport 4.xx,"exFAT, ZIP, Backport 4.xx, Backport 5.xx",02.004
Days Gone Remastered,PPSA28180,FFPFSC · exFAT · Backport 4.xx,"exFAT, Folder, PKG, Backport 4.xx, Backport 9.xx, FFPFSC, RAR",01.036.178
Dead Cells,PPSA15552,Folder · PKG · Backport 4.xx,"PKG, Backport 4.xx, Folder, RAR, ZIP, Backport 5.xx, Backport 6.xx",01.005
Dead Island 2 Ultimate Edition,PPSA03098,exFAT · PKG · Backport,"Backport, PKG, exFAT, RAR, ZIP, Backport 4.xx, Backport 5.xx",01.000.011
Dead Rising Deluxe Remaster,PPSA18259,exFAT · PKG · Backport 4.xx,"exFAT, PKG, RAR, Backport 4.xx",01.000
Dead Space,PPSA03845,exFAT · PKG · Backport,"Backport, exFAT, PKG, ZIP, Backport 4.xx",01.000.006
Death Stranding 2 On The Beach,PPSA02015,FFPFSC · exFAT · Backport 4.xx,"exFAT, APR-EMU, PKG, Backport 4.xx, FFPFSC, RAR",01.013
Death Stranding Directors Cut,PPSA01969,exFAT · APR-EMU · Backport,"Backport, exFAT, APR-EMU, Backport 4.xx",01.005
Death Stranding Director’s Cut,PPSA01968,exFAT · PKG,"PKG, exFAT, APR-EMU, RAR",01.004
DEATHLOOP Deluxe Edition,PPSA01670,exFAT · PKG · Backport,"Backport, APR, PKG, Backport 4.xx, exFAT, APR-EMU, RAR",01.405
Deep Rock Galactic,PPSA02967,exFAT · PKG · Backport 4.xx,"exFAT, PKG, RAR, Backport 4.xx",02.000.052
Demon Slayer Kimetsu no Yaiba Sweep the Board,PPSA21268,exFAT · Folder · Backport 4.xx,"exFAT, PKG, Backport 4.xx, Backport 5.xx, Folder, RAR, ZIP",01.002
Demon Slayer Kimetsu no Yaiba The Hinokami Chronicles 2,PPSA25428,exFAT · PKG · Backport 4.xx,"exFAT, PKG, RAR, ZIP, Backport 4.xx",01.000
Demon Slayer Kimetsu no Yaiba The Hinokami Chronicles: Ultimate Edition,PPSA03457,exFAT · PKG,"exFAT, RAR, PKG",01.008.003
Demon Slayer: Kimetsu no Yaiba – The Hinokami Chronicles,PPSA03490,PKG,PKG,01.000
Demon's Souls,PPSA01342,exFAT · Folder · Backport 4.xx,"exFAT, PKG, Folder, RAR, Backport 4.xx",01.005
Demons Souls,PPSA01341,exFAT · Folder · Backport 4.xx,"exFAT, Folder, PKG, RAR, Backport 4.xx",01.005
Destroy All Humans 2 Reprobed,PPSA05398,exFAT · PKG,"exFAT, APR-EMU, PKG, RAR",01.012
Destruction AllStars,PPSA02712,exFAT · PKG · Backport,"Backport, exFAT, Backport 2.00, Backport 4.03, PKG",03.002.001
Devil May Cry 5 Special Edition,PPSA01443,exFAT,exFAT,01.000
Devil May Cry 5 Special Edition,PPSA01442,exFAT · PKG,"PKG, exFAT, RAR",01.002
Digimon Story Time Stranger,PPSA24701,exFAT · PKG · Backport 4.xx,"exFAT, PKG, Backport 4.xx, APR-EMU, RAR",01.011
Directive 8020 Deluxe Edition,PPSA16384,exFAT · PKG · Backport 4.xx,"exFAT, PKG, Backport 4.xx",01.000
DIRT 5,PPSA01551,PKG,PKG,06.003
DiRT 5,PPSA01552,exFAT,"exFAT, RAR",06.005
Disciples Liberation,PPSA02650,PKG,PKG,01.600.700
Disgaea 6 Complete,PPSA06228,exFAT · PKG · Backport,"exFAT, RAR, Backport, PKG",01.001
Disgaea 7 Vows of The Virtueless,PPSA13844,exFAT · Folder · Backport,"Backport, exFAT, Folder, PKG, ZIP, Backport 4.xx",01.050.000
Disney Epic Mickey Rebrushed,PPSA15657,Folder · Backport,"Backport, Folder, ZIP, Backport 4.xx, Backport 5.xx",01.000
Disney Epic Mickey: Rebrushed,PPSA15656,exFAT · PKG · Backport 4.xx,"PKG, exFAT, Backport 4.xx",01.000
Disney Illusion Island Starring Mickey and Friends,PPSA17219,exFAT · PKG · Backport,"Backport, PKG, exFAT, APR-EMU, Backport 4.xx, Backport 7.xx",01.001
Disney Pixar Toy Story 2 Buzz Lightyear to the Rescue,PPSA07372,exFAT · Folder · Backport,"Backport, exFAT, Folder, RAR, Backport 4.xx, ZIP, Backport 5.xx",01.002
DLL-DWASKRPS5,PPSA15483,PKG · Backport 4.xx,"PKG, Backport 4.xx, ZIP, Backport 5.xx",01.000
DLL-GOSPS5,PPSA09256,PKG · Backport 4.xx,"PKG, ZIP, Backport 4.xx, Backport 5.xx",01.007
DLL-MBTCKPS5,PPSA02787,PKG · Backport 4.xx,"PKG, Backport 4.xx",01.000.004
DLL-MNFL22PS5,PPSA02373,PKG,"PKG, unknown, RAR",01.016.000
DLL-NASB2PS5,PPSA16745,PKG,PKG,01.000
DLL-SBR2PS5,PPSA07190,PKG · Backport 4.xx,"PKG, Backport 4.xx",01.003.001
DLL-SITFPS5,PPSA18716,Folder · PKG · Backport 4.xx,"PKG, Folder, ZIP, Backport 4.xx, Backport 5.xx",01.000
DLL-SWTGEPS5,PPSA06883,PKG · Backport 4.xx,"PKG, Backport 4.xx",01.000
DLL-T5ACCPS5,PPSA14275,PKG · Backport 4.xx,"PKG, Backport 4.xx, Backport 5.xx",01.001.004
DNF Duel,PPSA06164,exFAT · PKG,"exFAT, PKG",01.080
Dolmen,PPSA03417,PKG,"PKG, unknown",01.000
Dolphin Spirit Ocean Mission,PPSA13711,exFAT · PKG · Backport,"Backport, PKG, exFAT, APR-EMU, Backport 4.xx, unknown",01.000
Dont Touch This Button,PPSA05018,APR-EMU,APR-EMU,01.000
DOOM + DOOM II,PPSA21444,exFAT · PKG · Backport,"Backport, exFAT, Backport 4.xx, RAR, PKG",03.000.000
DOOM Eternal,PPSA01981,exFAT · PKG,"exFAT, APR-EMU, PKG",01.011
DOOM Eternal,PPSA01982,exFAT · PKG,"exFAT, PKG, RAR",01.011
DOOM The Dark Ages,PPSA20560,exFAT · Folder · Backport,"Backport, Folder, PKG, Backport 9.xx, exFAT, APR-EMU, RAR, Backport 4.xx, Backport 7.xx",01.011
Doraemon Story OF Seasons Friends of The Great Kingdom,PPSA02494,exFAT · PKG,"exFAT, PKG, APR-EMU",01.000
Double Dragon Gaiden Rise of The Dragons,PPSA16019,exFAT · PKG,"exFAT, PKG, APR-EMU",01.000
Double Dragon Gaiden Rise of The Dragons,PPSA16018,exFAT · APR-EMU,"exFAT, APR-EMU, RAR",01.013
Double Dragon Revive,PPSA23000,exFAT · PKG · Backport 4.xx,"exFAT, PKG, Backport 4.xx, RAR",01.000
Dragon Age The Veilguard,GAME_67564,Folder · Backport 4.xx,"Folder, ZIP, Backport 4.xx, Backport 5.xx",01.000
Dragon Age The Veilguard,PPSA01390,exFAT · Folder · Backport,"Backport, PKG, Backport 4.xx, Backport 5.xx, exFAT, Folder, APR-EMU, RAR, ZIP",01.006
Dragon Ball Fighter Z,PPSA09790,exFAT · PKG,"exFAT, PKG, APR-EMU",01.010
Dragon Ball Sparking ZERO,PPSA15210,PKG,PKG,01.003.003
Dragon Ball Xenoverse 2,PPSA08587,exFAT · Folder · Backport,"Backport, Folder, PKG, APR-EMU, exFAT, Backport 4.xx",01.004.002
Dragon Ball Z Kakarot,PPSA08083,PKG,PKG,01.000
Dragon Ball Z: Kakarot,PPSA08084,exFAT · PKG · Backport,"Backport, exFAT, PKG, ZIP, Backport 4.xx",01.040
DRAGON BALL: Sparking! ZERO,PPSA15211,FFPFSC · exFAT · Backport 4.xx,"exFAT, FFPFSC, Folder, PKG, Backport 4.xx, ZIP, RAR, Backport 5.xx",02.017
Dragon Quest I & II HD 2D Remake,PPSA22322,exFAT · PKG · Backport 4.xx,"exFAT, PKG, ZIP, RAR, Backport 4.xx",01.000
Dragon Quest I & II HD 2D Remake,PPSA22320,exFAT · PKG · Backport 4.xx,"exFAT, PKG, RAR, ZIP, Backport 4.xx",01.000
Dragon Quest III HD-2D Remake,PPSA20612,Folder · PKG · Backport 4.xx,"PKG, Backport 4.xx, Backport 5.xx, Folder, RAR",01.000
Dragon Quest VII Reimagined,PPSA17942,exFAT · PKG · Backport 4.xx,"exFAT, PKG, RAR, ZIP, Backport 4.xx",01.001
Dragon Quest X Rise of the Five Tribes Offline,PPSA17350,PKG,"PKG, unknown",01.000
Dragons Dogma 2 Deluxe Edition,PPSA09664,exFAT · Folder · Backport,"Backport, PKG, exFAT, Folder, ZIP, Backport 4.xx, Backport 5.xx",03.000
Dreamcore,PPSA24781,PKG · Backport 4.xx,"PKG, ZIP, RAR, Backport 4.xx",01.000.008
Dreaming Sarah,PPSA02929,PKG,"PKG, unknown",01.000
Dredge,PPSA09076,exFAT · PKG · Backport,"Backport, PKG, Backport 4.xx, exFAT, APR-EMU, unknown",01.000
Dungeons & Dragons: Dark Alliance,PPSA02680,PKG,PKG,01.009
Dungeons 4,PPSA07937,Folder · PKG · Backport 7.xx,"PKG, Folder, RAR, Backport 7.xx",01.100.031
Dusk Diver 2,PPSA06565,PKG,"PKG, unknown",01.000.000
Dying Light 2 Stay Human Ultimate Edition,PPSA02262,exFAT · PKG · Backport,"Backport, PKG, exFAT, APR-EMU, RAR, Backport 4.xx",01.090
EA SPORTS College Football 25,PPSA04184,exFAT · APR-EMU · Backport 4.xx,"exFAT, APR-EMU, Backport 4.xx, Backport 7.xx, RAR",01.026
EA Sports College Football 26,PPSA25859,exFAT · PKG · Backport 4.xx,"exFAT, PKG, APR-EMU, Backport 4.xx, unknown",01.020
EA SPORTS FC 24,PPSA13385,APR-EMU · Backport 4.xx,"APR-EMU, Backport 4.xx",01.000.023
EA Sports FC 25,PPSA20049,exFAT · PKG · Backport 4.xx,"exFAT, PKG, Backport 4.xx, Backport 6.xx, Backport 7.xx, ZIP",01.007
EA Sports FC 25,GAME_64805,exFAT · Backport 4.xx,"exFAT, Backport 4.xx, Backport 6.xx, Backport 7.xx, ZIP",01.007
EA SPORTS FC 26,PPSA27360,exFAT · Folder · Backport,"Backport, exFAT, PKG, Backport 4.xx, Folder, APR-EMU, ZIP",01.000
EA Sports FIFA 23,PPSA06275,PKG · Backport 4.xx,"PKG, Backport 4.xx, ZIP",01.024
EA Sports PGA Tour,PPSA02227,exFAT · PKG · Backport,"Backport, PKG, exFAT, Backport 4.xx",01.002
EA Sports PGA Tour,GAME_42502,exFAT · Backport 4.xx,"exFAT, Backport 4.xx",01.002
EA Sports UFC 5,PPSA03541,exFAT · PKG · Backport,"Backport, PKG, Backport 4.xx, Backport 7.xx, exFAT, APR-EMU, RAR",01.031
EA Sports WRC,PPSA06092,exFAT · PKG · Backport 4.xx,"PKG, exFAT, Backport 4.xx, Backport 6.xx, ZIP",01.000
Earth Defense Force World Brothers 2,PPSA19406,Folder · PKG · Backport 4.xx,"PKG, Backport 4.xx, Backport 5.xx, Folder, ZIP",01.005
Earthion,PPSA28061,exFAT · PKG · Backport,"Backport, PKG, exFAT, Backport 4.xx",01.006
Ed 0 Zombie Uprising,PPSA22711,exFAT · Backport 4.xx,"exFAT, Backport 4.xx, ZIP, Backport 5.xx",01.000
Ed 0 Zombie Uprising,PPSA09285,exFAT · Backport,"Backport, exFAT, RAR, Backport 4.xx",01.007
Ed-0: Zombie Uprising,PPSA11079,PKG,PKG,01.007
EDENS ZERO,PPSA25348,exFAT · PKG · Backport 4.xx,"exFAT, Backport 4.xx, PKG",01.000
Elden Ring,PPSA05510,PKG,PKG,01.000
Elden Ring Nightreign,PPSA25380,exFAT · APR-EMU · Backport 4.xx,"exFAT, APR-EMU, RAR, Backport 4.xx, ZIP",01.003.002
ELDEN RING NIGHTREIGN Deluxe Edition,PPSA25381,exFAT · PKG · Backport,"Backport, PKG, exFAT, ZIP, Backport 4.xx",01.000.000
ELDEN RING Shadow of the Erdtree Edition,PPSA04609,exFAT · Folder,"exFAT, Folder, PKG",01.017.001
Electronics Puzzle Lab,PPSA20931,APR-EMU,"APR-EMU, RAR",01.000
Elex II,PPSA03803,PKG,"PKG, unknown",01.003
Empire of the Ants,PPSA14455,exFAT · PKG · Backport 4.xx,"exFAT, PKG, Backport 4.xx, ZIP",02.004
Enchanted Portals,PPSA17144,Folder · PKG · Backport 4.xx,"PKG, Folder, RAR, Backport 4.xx, ZIP",01.000
Endling Extinction is Forever,PPSA08511,exFAT · PKG · Backport 4.xx,"exFAT, Backport 4.xx, ZIP, RAR, PKG",01.000.002
Enotria The Last Song Deluxe Edition,PPSA20515,PKG · Backport 4.xx,"PKG, Backport 4.xx",01.005.004
Eriksholm The Stolen Dream,PPSA20548,exFAT · PKG · Backport,"Backport, PKG, exFAT, APR-EMU, Backport 4.xx, unknown",01.003.001
Eternights,PPSA08270,PKG · Backport 4.xx,"PKG, Backport 4.xx",01.004
Ever Forward,PPSA04703,unknown,unknown,1.0
Evergate,PPSA01886,exFAT · PKG,"exFAT, PKG",01.003
Evergate,PPSA01885,exFAT · APR-EMU,"exFAT, APR-EMU, RAR",01.003
Everspace 2 Complete Edition,PPSA15671,exFAT · Folder · Backport,"Backport, PKG, exFAT, Folder, RAR, Backport 4.xx, Backport 7.xx, ZIP, Backport 5.xx",01.020.000
Everybodys Golf 2,PPSA06699,exFAT · Backport,"Backport, exFAT, Backport 4.xx, ZIP, RAR",01.000.004
Evil Genius 2 World Domination,PPSA04170,exFAT · PKG,"exFAT, APR-EMU, PKG, RAR",01.002.000
Evil Inside,PPSA02508,exFAT · PKG,"exFAT, PKG, APR-EMU",01.000
Evil West,PPSA02372,exFAT · PKG · Backport,"Backport, PKG, exFAT, Backport 4.xx",01.005.000
Evotinction,PPSA10414,exFAT · Folder · Backport,"Backport, PKG, exFAT, Folder, RAR, ZIP, Backport 4.xx, Backport 5.xx",01.009
EXODEMON,PPSA03157,exFAT · PKG,"exFAT, APR-EMU, PKG",01.004
Expeditions A MudRunner Game,PPSA17423,PKG · APR-EMU · Backport 6.xx,"APR-EMU, PKG, Backport 6.xx, Backport 4.xx, RAR",01.026
F1 2021,PPSA02697,PKG · APR-EMU,"PKG, APR-EMU, RAR",01.018
F1 23,PPSA09801,APR-EMU · Backport 4.xx,"APR-EMU, Backport 4.xx, RAR",01.021
F1 24,PPSA17630,exFAT · APR-EMU · Backport,"Backport, exFAT, APR-EMU, RAR, Backport 4.xx",01.021
F1 25,PPSA24662,exFAT · PKG · Backport,"Backport, APR-EMU, PKG, exFAT, RAR, Backport 4.xx",01.018
Fallout 4,PPSA09016,exFAT · PKG · Backport 4.xx,"exFAT, PKG, Backport 4.xx",01.002
FANTASIAN Neo Dimension,PPSA22265,exFAT · PKG · Backport,"Backport, PKG, Backport 7.xx, exFAT, APR-EMU, RAR",01.300
Fantasy Life i The Girl Who Steals Time,PPSA27625,Backport 4.xx,Backport 4.xx,01.000
Far Cry 6,PPSA01870,exFAT · PKG · Backport,"Backport, PKG, RAR, exFAT, APR-EMU, Backport 4.xx",01.000.013
Farming Simulator 22,PPSA02385,exFAT · PKG,"exFAT, PKG",01.070.000
Farming Simulator 25,PPSA19644,exFAT · PKG · Backport,"Backport, PKG, exFAT, APR-EMU, Backport 4.xx",01.310
Fast and Furious Arcade Edition,PPSA30138,exFAT · PKG · Backport,"Backport, PKG, Backport 4.xx, exFAT",01.001
Fatal Frame 2 Crimson Butterfly Remake Deluxe Edition,PPSA32802,exFAT · PKG · Backport,"Backport, PKG, Backport 10.xx, exFAT, APR-EMU, Backport 4.xx, RAR, unknown",01.002.002
Fatal Frame: Maiden of Black Water,PPSA04334,PKG,"PKG, unknown",01.000
FATAL FURY: City of the Wolves,PPSA19359,exFAT · PKG · Backport,"Backport, exFAT, PKG, Backport 4.xx, Backport 6.xx, RAR, ZIP",01.009
Fate Samurai Remnant,PPSA07421,exFAT · PKG · Backport,"Backport, APR-EMU, PKG, exFAT, RAR, Backport 4.xx",01.302
FIFA 21,PPSA01327,PKG · APR-EMU,"PKG, APR-EMU, RAR",01.021
FIFA 22,PPSA03178,unknown,"unknown, RAR",01.000.190
FIFA 22,PPSA03180,APR-EMU,APR-EMU,01.019
FIFA 23,GAME_68056,Backport 4.xx,"Backport 4.xx, ZIP",01.024
FINAL FANTASY TACTICS The Ivalice Chronicles,PPSA21783,exFAT · PKG · Backport 4.xx,"exFAT, APR, PKG, APR-EMU, Backport 4.xx",01.040
Final Fantasy VII Rebirth,PPSA08668,Folder · APR-EMU,"Folder, APR-EMU, RAR",01.080
Final Fantasy VII Remake Intergrade,PPSA01903,exFAT · PKG,"exFAT, PKG, APR-EMU",01.003
Final Fantasy XVI Complete Edition,PPSA10665,exFAT · Folder · Backport 4.xx,"exFAT, Folder, APR-EMU, RAR, Backport 4.xx, PKG",01.003.004
Final Vendetta,PPSA07058,RAR,RAR,01.002.000
Fishing North Atlantic Enhanced Edition,PPSA02985,PKG,"PKG, unknown",02.001
FIST: Forged In Shadow Torch,PPSA03969,PKG · Backport,"PKG, Backport",01.201.001
Five Nights at Freddy's Help Wanted 2,PPSA18887,exFAT · Folder · Backport,"Backport, exFAT, Folder, Backport 4.xx, Backport 6.xx, ZIP, Backport 5.xx, PKG",01.004
Five Nights at Freddy’s: Security Breach,PPSA04677,PKG,"PKG, unknown",01.005
Flashback 2,PPSA08546,exFAT · PKG · Backport 4.xx,"exFAT, PKG, RAR, Backport 4.xx",01.007
Flintlock The Siege of Dawn,PPSA07382,exFAT · PKG · Backport,"Backport, APR-EMU, PKG, Backport 4.xx, exFAT, RAR",01.002.400
Fobia St Dinfna Hotel,PPSA05626,unknown,unknown,01.000
Fobia: St. Dinfna Hotel,PPSA05625,PKG,PKG,01.000
Formula Retro Racing: World Tour – Special Edition,PPSA17189,Folder · PKG,"Folder, PKG, APR-EMU",01.002
Forspoken,PPSA03984,exFAT · PKG · Backport,"Backport, PKG, exFAT, APR-EMU, RAR, Backport 4.xx",01.020
Fort Solis,PPSA14374,exFAT · PKG · Backport,"Backport, PKG, exFAT, Backport 4.xx, ZIP, Backport 5.xx",01.002.000
Forza Horizon 5,PPSA22327,exFAT · Folder · Backport,"exFAT, PKG, Backport, Folder, Backport 4.xx",01.685.672
Frostpunk 2,PPSA16608,exFAT · PKG · Backport 4.xx,"exFAT, PKG, Backport 4.xx",01.013
Funko Fusion Deluxe Edition,PPSA19345,exFAT · PKG · Backport,"Backport, PKG, exFAT, Backport 4.xx, unknown",03.004.001
Furi,PPSA06147,PKG,PKG,01.007.225
Gamedec Definitive Edition,PPSA12363,exFAT · PKG · Backport,"Backport, PKG, Backport 4.xx, exFAT",01.000
Gear Club Unlimited 2 Ultimate Edition,PPSA05027,exFAT · PKG · Backport 4.xx,"exFAT, ZIP, Backport 4.xx, PKG",01.001
Gears of War Reloaded,PPSA17525,exFAT · Folder · Backport,"exFAT, Folder, PKG, Backport, RAR",01.008.001
Gex Trilogy,PPSA28542,exFAT · PKG · Backport,"Backport, PKG, exFAT, Backport 4.xx, unknown",01.000
Ghost Master Resurrection,PPSA34038,exFAT · PKG · Backport 4.xx,"exFAT, PKG, Backport 4.xx",01.000
Ghost of Tsushima Directors Cut,PPSA02225,exFAT · PKG · Backport 4.xx,"PKG, Backport 4.xx, exFAT",02.017
Ghost of Tsushima Directors Cut,PPSA03210,exFAT · PKG · Backport,"Backport, exFAT, PKG",02.024
Ghost of Yotei: Deluxe Edition,PPSA26344,FFPFSC · exFAT · Backport 10.xx,"exFAT, PKG, FFPFSC, Folder, ZIP, Backport 10.xx, Backport 4.xx",01.008.000
Ghostbusters Spirits Unleashed Ecto Edition,PPSA04057,exFAT · Folder · Backport,"Backport, exFAT, Folder, Backport 4.xx",01.028
Ghostbusters: Spirits Unleashed,PPSA07254,PKG · Backport,"PKG, Backport",01.000
Ghostrunner,PPSA03685,exFAT · PKG,"exFAT, PKG",01.000.005
Ghostrunner 2,PPSA09911,exFAT · PKG · Backport,"Backport, PKG, exFAT, Backport 4.xx, Backport 6.xx, ZIP, Backport 5.xx",01.000
Ghostwire Tokyo,PPSA01337,exFAT · PKG,"exFAT, PKG",01.009
Gigantosaurus Dino Kart,PPSA05518,exFAT · PKG · Backport,"Backport, PKG, exFAT, APR-EMU, Backport 4.xx",01.000
Goat Simulator 3,PPSA04159,exFAT · Folder · Backport 4.xx,"exFAT, PKG, Folder, Backport 4.xx",01.002.100
God of Rock,PPSA10822,PKG · Backport 4.xx,"PKG, Backport 4.xx, Backport 5.xx",01.000
God Of War Ragnarok,PPSA08330,exFAT · PKG · Backport 4.xx,"exFAT, PKG, ZIP, Backport 4.xx",05.005
God of War Ragnarök,PPSA08329,exFAT · PKG · Backport 4.xx,"PKG, exFAT, Backport 4.xx, ZIP",05.005
Goosebumps Terror in Little Creek,PPSA27305,Backport,Backport,01.000
Gori Cuddly Carnage,PPSA07393,exFAT · PKG · Backport,"Backport, PKG, exFAT, RAR, ZIP, Backport 4.xx",01.009
Gori Cuddly Carnage,PPSA07394,exFAT · PKG · Backport 4.xx,"exFAT, PKG, RAR, ZIP, Backport 4.xx",01.009
Gotham Knights,PPSA07257,exFAT · PKG · Backport,"Backport, PKG, exFAT, APR-EMU, RAR, Backport 4.xx",05.000
Gran Turismo 7,PPSA01317,PKG · APR-EMU · Backport 4.xx,"APR-EMU, PKG, Backport 4.xx",01.680
Granblue Fantasy: Relink,PPSA06955,PKG,"PKG, unknown",01.003.002
Grand Theft Auto 3 The Definitive Edition,PPSA03527,exFAT · PKG,"exFAT, PKG, unknown",01.007
Grand Theft Auto San Andreas The Definitive Edition,PPSA03524,FFPFSC · exFAT,"exFAT, PKG, FFPFSC, RAR, unknown",01.007
Grand Theft Auto V,PPSA04264,PKG,PKG,01.005
Grand Theft Auto V,PPSA04263,exFAT · APR-EMU · Backport,"Backport, exFAT, APR-EMU, Backport 4.xx, Backport 5.xx",01.010.002
Grand Theft Auto Vice City The Definitive Edition,PPSA03530,exFAT · PKG,"exFAT, PKG, unknown",01.007
Grand Theft Auto: The Trilogy – The Definitive Edition,PPSA03525,PKG,"PKG, unknown",01.006
Graven,PPSA09614,exFAT · Folder · Backport,"Backport, exFAT, Folder, Backport 4.xx, ZIP, Backport 5.xx",01.001
Greak Memories of Azur,PPSA02849,exFAT · PKG,"exFAT, PKG, APR-EMU",01.003
GreedFall,PPSA02981,exFAT · PKG,"exFAT, PKG",01.003
GreedFall Gold Edition,PPSA02982,PKG,PKG,01.003
GreedFall The Dying World,PPSA21840,exFAT · PKG · Backport,"Backport, exFAT, PKG, APR-EMU, Backport 4.xx, unknown",01.004
Greyhill Incident,PPSA13553,exFAT · Backport,"Backport, exFAT, RAR, ZIP, Backport 4.xx, Backport 5.xx",01.004
GRID Legends,PPSA03865,exFAT · PKG,"exFAT, APR-EMU, PKG, RAR",06.001
GRIS,PPSA09804,exFAT · PKG · Backport,"Backport, PKG, Backport 4.xx, exFAT, RAR",01.001
Guilty Gear Strive,PPSA02257,exFAT · Folder · Backport,"Backport, PKG, exFAT, Folder, Backport 4.xx",01.030.000
Gundam Breaker 4,PPSA08065,PKG,PKG,01.000
Gundam Breaker 4,GAME_79626,unknown,unknown,01.000
Gungrave G.O.R.E,PPSA03683,Folder · PKG · Backport 4.xx,"Folder, PKG, Backport 4.xx",01.080
GYLT,PPSA13526,exFAT · PKG · Backport,"Backport, PKG, Backport 4.xx, Backport 5.xx, exFAT, ZIP",02.000.052
Hades,PPSA03355,exFAT · PKG,"exFAT, PKG",01.003
Hamster Playground,PPSA06653,PKG,"PKG, unknown",01.009
HappyFunland,PPSA16911,PKG · Backport 4.xx,"PKG, Backport 4.xx, ZIP",01.005
Harvest Days,PPSA14677,exFAT · PKG · Backport,"Backport, PKG, exFAT, Backport 4.xx, unknown",01.002.001
Hell Is Us,PPSA03030,PKG,"PKG, unknown, RAR",01.000.000
Hell Is Us,PPSA09259,exFAT · PKG · Backport,"Backport, PKG, exFAT, RAR, Backport 4.xx",01.006
Hellboy Web of Wyrd,PPSA11264,exFAT · PKG,"exFAT, PKG, RAR",01.004
Hello Neighbor 2,PPSA07426,PKG · Backport 4.xx,"PKG, Backport 4.xx",01.000
High on Life,PPSA15388,exFAT · PKG · Backport,"Backport, PKG, exFAT, ZIP, Backport 4.xx, Backport 5.xx",01.120
High on Life 2,PPSA30094,exFAT · PKG · Backport 4.xx,"exFAT, Backport 4.xx, PKG",01.100.100
Hitman World of Assassination,PPSA16388,exFAT · PKG,"PKG, exFAT, RAR",01.017
Hitman World of Assassination Deluxe Edition,PPSA16387,exFAT · PKG · Backport,"Backport, exFAT, PKG, APR-EMU, RAR, Backport 4.xx",01.038
HOA,PPSA04181,exFAT · PKG,"exFAT, APR-EMU, PKG",01.000.002
Hogwarts Legacy,PPSA01593,exFAT · Folder · Backport,"RAR, Backport, PKG, exFAT, Folder, Backport 4.xx",01.013
Horizon Chase 2,PPSA12771,exFAT · PKG · Backport,"Backport, PKG, Backport 4.xx, exFAT, RAR, ZIP",01.007
Horizon Forbidden West Complete Edition,PPSA17905,exFAT · PKG,"exFAT, APR-EMU, PKG",01.030
Horizon Forbidden West – Complete Edition,PPSA01521,exFAT · Folder · Backport 4.xx,"APR-EMU, PKG, exFAT, Folder, Backport 4.xx, RAR",01.030
Horizon Zero Dawn Remastered,PPSA13427,exFAT · PKG · Backport,"Backport, exFAT, APR-EMU, Backport 7.xx, Backport 4.xx, RAR, PKG",01.008.001
Horizon Zero Dawn Remastered,PPSA13428,PKG · APR-EMU,"APR-EMU, PKG",01.008.001
Horror Tales: The Wine,PPSA03638,PKG,"PKG, unknown",02.000
Hot Wheels Lets Race Ultimate Speed,PPSA26501,exFAT · PKG · Backport,"Backport, PKG, RAR, exFAT, Backport 4.xx",01.002
Hot Wheels Monster Trucks Stunt Mayhem,PPSA18191,exFAT · Folder · Backport,"Backport, PKG, exFAT, Folder, RAR, Backport 4.xx, ZIP, Backport 5.xx",01.000.100
Hot Wheels Unleashed,PPSA02324,PKG,"PKG, unknown",01.018
Hot Wheels Unleashed 2: Turbocharged,PPSA15191,exFAT · PKG · Backport,"PKG, Backport, exFAT, ZIP, Backport 4.xx, Backport 5.xx",01.017
Hotline Miami,PPSA09682,APR-EMU,APR-EMU,01.000.002
Hubris,PPSA13416,Folder · Backport 4.xx,"Folder, ZIP, Backport 4.xx, Backport 5.xx",01.007
Hunting Simulator 2,PPSA01900,PKG,"PKG, unknown",01.002
Ikai,PPSA06584,exFAT · PKG,"exFAT, PKG, unknown",01.000
Immortals Fenyx Rising,PPSA01507,exFAT · PKG,"exFAT, APR-EMU, PKG, RAR",04.040
Immortals of Aveum,PPSA08236,exFAT · PKG · Backport 4.xx,"exFAT, PKG, ZIP, Backport 4.xx",01.006.004
In Nightmare,PPSA06108,exFAT · PKG,"exFAT, PKG",01.006
In Sound Mind,PPSA04921,RAR,"RAR, unknown",01.009
Indiana Jones and The Great Circle,PPSA26786,exFAT · Folder · Backport,"Backport, PKG, exFAT, Folder, RAR, Backport 4.xx",01.011
Indika,PPSA16214,exFAT · Folder · Backport,"Backport, exFAT, Folder, ZIP, Backport 4.xx, Backport 5.xx, Backport 6.xx, PKG",01.003
Infinity Strash DRAGON QUEST The Adventure of Dai,PPSA09453,exFAT · PKG · Backport,"Backport, PKG, Backport 4.xx, Backport 5.xx, exFAT, ZIP",01.002
Infliction: Extended Cut,PPSA02688,PKG,"PKG, unknown",01.003.000
Insomnis,PPSA06829,PKG,"PKG, unknown",01.000.001
Instant Sports Plus,PPSA04319,exFAT · PKG,"exFAT, PKG",01.002.001
Invincible VS,PPSA30568,exFAT · PKG · Backport 4.xx,"exFAT, PKG, Backport 4.xx, unknown",01.000
Iron Harvest Complete Edition,PPSA02393,PKG,PKG,01.004
Iron Harvest Complete Edition,GAME_62618,unknown,unknown,01.004
It Takes Two,PPSA02343,PKG,"PKG, unknown",01.200.000
Jack Holmes: Master of Puppets,PPSA19370,Folder · PKG · Backport 4.xx,"PKG, Folder, RAR, ZIP, Backport 4.xx, Backport 5.xx",01.000
Jagged Alliance 3,PPSA25872,exFAT · PKG · Backport,"Backport, PKG, exFAT, Backport 4.xx, RAR, unknown",01.002
Jagged Alliance 3,PPSA09569,exFAT · PKG · Backport 4.xx,"PKG, exFAT, RAR, Backport 4.xx",01.005.001
Jets N Guns 2,PPSA17163,exFAT · Folder · Backport,"Backport, Folder, PKG, exFAT, RAR, Backport 4.xx",01.002
Jitsu Squad,PPSA09828,PKG · Backport 4.xx,"PKG, RAR, ZIP, Backport 4.xx, Backport 5.xx",01.000
JoJos Bizarre Adventure All Star Battle R,PPSA04220,exFAT · PKG · Backport,"Backport, PKG, Backport 4.xx, exFAT, RAR",02.330.000
Judgment,PPSA02740,exFAT,exFAT,01.001
Judgment,PPSA02739,exFAT · PKG,"PKG, exFAT, APR-EMU",01.001
Judgment,PPSA01852,exFAT · APR-EMU,"exFAT, APR-EMU, RAR",01.001
Juicy Realm,PPSA19268,exFAT · PKG,"exFAT, PKG",01.000
Jumanji: The Video Game,PPSA03973,PKG,"PKG, unknown",01.001
Jumping Flash,PPSA06359,exFAT · Backport,"Backport, exFAT, Backport 4.xx, RAR, ZIP, Backport 5.xx",01.004
Jurassic Park Classic Games Collection,PPSA17217,exFAT · PKG · Backport,"Backport, PKG, exFAT, APR-EMU, ZIP, RAR, Backport 4.xx, Backport 5.xx, Backport 6.xx",01.002
Jurassic World Evolution 2 Premium Edition,PPSA03286,exFAT · Backport,"Backport, exFAT, Backport 4.xx",01.011.003
Jurassic World Evolution 3,PPSA25153,exFAT · PKG · Backport,"Backport, APR-PFS, PKG, Backport 7.xx, exFAT, APR-EMU",01.002.006
Jusant,PPSA10264,exFAT · PKG · Backport,"Backport, PKG, Backport 6.xx, exFAT, Backport 4.xx, Backport 5.xx",01.007
KAGE Shadow of The Ninja,PPSA20450,exFAT · Folder · Backport 4.xx,"exFAT, PKG, Folder, RAR, Backport 4.xx",01.000
KAKU Ancient Seal,PPSA30797,exFAT · PKG · Backport,"Backport, PKG, RAR, exFAT, Backport 7.xx, unknown",01.005
Kao The Kangaroo,PPSA05595,exFAT · PKG,"exFAT, PKG",01.007
KARMA The Dark World,PPSA22844,exFAT · PKG · Backport 4.xx,"exFAT, PKG, Backport 4.xx",01.006
Kena Bridge of Spirits,PPSA01746,exFAT · PKG · Backport,"Backport, PKG, exFAT, ZIP, Backport 4.xx",02.008
Kerbal Space Program Enhanced Edition,PPSA03748,APR-EMU,"APR-EMU, RAR",01.000.002
KeyWe,PPSA02210,exFAT,"exFAT, unknown",01.000
Kid A Mnesia Exhibition,PPSA05786,PKG,"PKG, unknown",01.000
Killing Floor 3,PPSA08427,exFAT · PKG · Backport,"Backport, exFAT, RAR, ZIP, Backport 4.xx, PKG",02.011
Kingdom Come Deliverance 2 Royal Edition,PPSA21704,exFAT · PKG · Backport,"Backport, PKG, Backport 4.xx, exFAT, RAR",01.052
Kitaria Fables,PPSA02527,exFAT · PKG,"exFAT, APR-EMU, PKG, RAR",01.005
Kitten Island,PPSA19297,unknown,"unknown, RAR",01.000.000
KLONOA Phantasy Reverie Series,GAME_86453,RAR,RAR,01.002
KLONOA: Phantasy Reverie Series,PPSA04795,PKG,"PKG, RAR",01.002
Kong Survivor Instinct,PPSA20289,exFAT · PKG · Backport 4.xx,"exFAT, PKG, APR-EMU, Backport 4.xx",01.004
Last Days of Lazarus,PPSA09196,PKG · Backport 4.xx,"PKG, Backport 4.xx, ZIP",01.001
Layers of Fear,PPSA07265,exFAT · PKG · Backport 4.xx,"exFAT, PKG, Backport 4.xx",01.010
Legacy of Kain Soul Reaver 1 and 2 Remastered,PPSA18152,exFAT · PKG · Backport 4.xx,"exFAT, PKG, RAR, Backport 4.xx",01.004
LEGO 2K Drive,PPSA04048,exFAT · PKG · Backport,"Backport, PKG, exFAT, ZIP, Backport 4.xx, Backport 5.xx",01.017
LEGO Harry Potter Collection,PPSA22946,PKG · Backport,"Backport, PKG, Backport 4.xx",01.001
LEGO Horizon Adventures,PPSA14632,exFAT · PKG · Backport,"Backport, exFAT, RAR, Backport 4.xx, Backport 6.xx, PKG",01.004
LEGO Star Wars The Skywalker Saga,PPSA01864,exFAT · PKG,"exFAT, PKG",01.010
Lets Build A Zoo Ultimate Edition,PPSA06438,exFAT · PKG · Backport,"Backport, PKG, exFAT, APR-EMU, Backport 4.xx",01.001.140
Lies of P,PPSA10261,PKG · Backport 4.xx,"PKG, Backport 4.xx",01.005.001
Lies of P: Overture,PPSA10621,exFAT · PKG · Backport 4.xx,"exFAT, PKG, RAR, ZIP, Backport 4.xx, Backport 5.xx",01.012
Life is Strange Double Exposure Ultimate Edition,PPSA16106,exFAT · PKG · Backport 4.xx,"exFAT, PKG, Backport 4.xx, ZIP",01.002.000
Life is Strange Reunion,PPSA28099,exFAT · Folder · Backport,"Backport, exFAT, Folder, PKG, ZIP, Backport 4.xx, RAR",01.003
Life is Strange True Colors,PPSA02047,exFAT · PKG,"exFAT, PKG",01.008
Life is Strange: Reunion,PPSA28101,exFAT · PKG,"exFAT, PKG",01.000
Life is Strange: True Colors,PPSA02046,PKG,PKG,01.008
Like A Dragon Gaiden The Man Who Erased His Name Deluxe Edition,PPSA16265,FFPFSC · exFAT · Backport,"Backport, PKG, Backport 4.xx, FFPFSC, exFAT, APR-EMU, RAR",01.022
Like a Dragon Infinite Wealth,PPSA06433,exFAT · PKG,"exFAT, PKG, APR-EMU, RAR",01.020
Like A Dragon Ishin,PPSA06454,exFAT · PKG · Backport,"Backport, PKG, exFAT, ZIP, Backport 4.xx, Backport 5.xx",01.006.000
Like A Dragon Pirate Yakuza in Hawaii Deluxe Edition,PPSA24478,exFAT · PKG · Backport,"Backport, PKG, Backport 6.xx, exFAT, RAR, Backport 4.xx",01.014
Little Big Adventure: Twinsen’s Quest,PPSA23885,PKG,"PKG, unknown, RAR",01.000
Little Nightmares 2,PPSA02154,exFAT · PKG,"exFAT, PKG",01.001
Little Nightmares 3,PPSA05143,exFAT · PKG · Backport 4.xx,"exFAT, PKG, RAR, Backport 4.xx, Backport 9.xx",01.004
Little Nightmares 3: Deluxe Edition,PPSA05144,PKG · Backport,"Backport, PKG, Backport 9.xx",01.002
Lollipop Chainsaw RePoP,PPSA21837,exFAT · Folder · Backport,"Backport, PKG, exFAT, Folder, ZIP, Backport 4.xx, Backport 5.xx",01.005.001
Looney Tunes Wacky World of Sports,PPSA19563,exFAT · Folder · Backport,"Backport, PKG, exFAT, Folder, RAR, Backport 4.xx, ZIP, Backport 5.xx",00.100.000
Lords of the Fallen,PPSA07064,exFAT · PKG · Backport 4.xx,"PKG, exFAT, ZIP, RAR, Backport 4.xx, Backport 5.xx",01.000
Lords of The Fallen,PPSA03641,exFAT · PKG · Backport 4.xx,"exFAT, PKG, RAR, ZIP, Backport 4.xx, Backport 5.xx",01.086
LOST EPIC,PPSA07429,exFAT · Folder · Backport 4.xx,"exFAT, PKG, Folder, RAR, ZIP, Backport 4.xx",01.000
Lost in Random,PPSA01693,exFAT · PKG,"exFAT, APR-EMU, PKG, RAR",01.000.100
Lost Judgment,PPSA03775,exFAT · PKG,"exFAT, PKG",01.011
Lost Judgment,PPSA03792,exFAT · PKG,"PKG, exFAT, APR-EMU, RAR",01.011
Lost Soul Aside,PPSA26358,exFAT · PKG · Backport,"Backport, exFAT, PKG, RAR, Backport 4.xx",01.012
Love is all around,PPSA22999,exFAT · APR-EMU · Backport,"Backport, exFAT, APR-EMU",01.000.002
Lunar Lander Beyond,PPSA09090,exFAT · PKG · Backport 4.xx,"exFAT, PKG, APR-EMU, Backport 4.xx, unknown",01.000
LUTO,PPSA17181,exFAT · PKG · Backport,"Backport, PKG, exFAT, Backport 4.xx, unknown",01.007
Madden NFL 21,PPSA01343,unknown,unknown,01.015
Madden NFL 23,PPSA05481,PKG,"PKG, unknown",01.017.000
Madden NFL 24,PPSA10508,PKG · Backport 4.xx,"PKG, Backport 4.xx",01.021.000
Madden NFL 25,PPSA18888,PKG · Backport 7.xx,"PKG, Backport 7.xx, Backport 4.xx",01.023.000
Madden NFL 26,PPSA26127,exFAT · PKG · Backport,"Backport, PKG, exFAT, APR-EMU, Backport 7.xx",01.0016
MADiSON,PPSA07370,RAR,"RAR, unknown",01.000
MADiSON VR Cursed Edition,PPSA16915,PKG,"PKG, unknown",01.000
Mafia The Old Country Deluxe Edition,PPSA14251,exFAT · Folder · Backport,"Backport, PKG, Backport 9.xx, exFAT, Folder, RAR, Backport 4.xx",01.008
Mafia The Old Country: Deluxe Edition,PPSA14299,exFAT · Folder · Backport,"Folder, exFAT, PKG, RAR, Backport",01.006
Mandragora Whispers of the Witch Tree,PPSA26917,PKG,"PKG, RAR",01.006.002
Maneater,PPSA01862,exFAT · PKG,"exFAT, PKG",01.000.010
Maneater,PPSA01861,PKG,PKG,01.010
Martha is Dead,PPSA02006,exFAT · PKG,"exFAT, PKG",01.090
Marvel Cosmic Invasion,PPSA29629,exFAT · PKG · Backport,"Backport, PKG, exFAT, APR-EMU, Backport 4.xx",02.002
Marvel's Guardians of the Galaxy,PPSA01748,exFAT · PKG,"exFAT, PKG",01.007
Marvels Avengers Definitive Edition,PPSA01631,exFAT · PKG,"exFAT, PKG, APR-EMU",01.055
Marvels Midnight Suns Enhanced Edition,PPSA03603,exFAT · PKG · Backport,"Backport, PKG, exFAT, APR-EMU, Backport 4.xx",01.013
Marvels Spider Man 2 Deluxe Edition,PPSA03016,exFAT · PKG · Backport 4.xx,"exFAT, APR-EMU, PKG, RAR, Backport 4.xx",01.004.003
Marvels Spider Man Miles Morales,PPSA01417,exFAT,exFAT,01.015
Marvels Spider Man Miles Morales,PPSA01411,exFAT · APR-EMU,"exFAT, APR-EMU, RAR",01.015.001
Marvels Spider Man Remastered,PPSA01467,exFAT · PKG,"exFAT, APR-EMU, PKG, RAR",01.008.001
Marvels Spider Man Remastered,PPSA01469,exFAT · APR-EMU,"exFAT, APR-EMU",01.008.001
Marvel’s Spider-Man: Miles Morales,PPSA01461,exFAT · PKG,"APR-EMU, exFAT, PKG, RAR",01.013.002
Matchbox Driving Adventures,PPSA18089,PKG,"PKG, unknown",01.001
Mayhem Brawler,PPSA14464,unknown,unknown,02.000
MechWarrior 5 Mercenaries,PPSA03859,exFAT · PKG · Backport,"Backport, PKG, exFAT, Backport 4.xx, unknown",01.0019
Medieval Dynasty,PPSA07933,Folder · PKG · Backport 4.xx,"Folder, PKG, Backport 4.xx",01.413.001
Mega Man Star Force Legacy Collection,PPSA32239,PKG,"PKG, unknown",01.001
METAL GEAR SOLID 2 Sons of Liberty Master Collection,PPSA14396,exFAT · PKG,"exFAT, PKG",02.100
METAL GEAR SOLID 3 Snake Eater Master Collection,PPSA14404,exFAT · PKG,"exFAT, APR-EMU, PKG",03.002
Metal Gear Solid Delta Snake Eater Deluxe Edition,PPSA15304,exFAT · Folder · Backport,"exFAT, PKG, Backport, Folder, RAR, Backport 4.xx, Backport 7.xx",01.001.004
METAL GEAR SOLID Master Collection,PPSA14363,exFAT · PKG,"exFAT, APR-EMU, PKG",03.000
Metal Gear Solid Master Collection Vol 1 Bonus Content,PPSA16256,Folder · Backport 4.xx,"Folder, ZIP, Backport 4.xx, Backport 5.xx",1.0
Metal Slug Tactics,PPSA20643,exFAT · PKG,"exFAT, PKG",02.000
Metaphor ReFantazio,PPSA20800,exFAT · PKG · Backport,"Backport, PKG, exFAT, APR-EMU, RAR, Backport 4.xx",01.013
Metro Awakening,PPSA19383,Backport 5.50,"Backport 5.50, Backport",01.008
Metro Exodus Complete Edition,PPSA02395,exFAT · PKG,"exFAT, APR-EMU, PKG, RAR",01.001
Miasma Chronicles,PPSA06217,exFAT · PKG · Backport,"Backport, PKG, exFAT, Backport 4.xx, ZIP, Backport 5.xx",01.007
Mighty Morphin Power Rangers Ritas Rewind,PPSA18528,Backport,Backport,01.009
Mighty Morphin Power Rangers: Rita’s Rewind,PPSA18529,exFAT · PKG · Backport 4.xx,"PKG, exFAT, Backport 4.xx, unknown",01.009
MindsEye,PPSA28209,exFAT · Folder · Backport,"Backport, PKG, Backport 9.xx, exFAT, Folder, RAR, Backport 4.xx",01.017
Minecraft,PPSA17221,PKG · Backport 4.xx,"PKG, Backport 4.xx",01.008
Minecraft Legends,GAME_93973,Backport 4.xx,"Backport 4.xx, RAR",01.013
Minecraft Preview,PPSA19639,Backport 4.xx,"RAR, Backport 4.xx",01.024.000
MLB The Show 21,PPSA01416,unknown,unknown,01.023
MLB The Show 23,PPSA09243,exFAT · APR-EMU · Backport,"Backport, exFAT, APR-EMU, Backport 4.xx",01.021
Monster Energy Supercross 25,PPSA20435,exFAT · Folder · Backport,"exFAT, Folder, PKG, ZIP, Backport",01.011
Monster Energy Supercross The Official Videogame 6,PPSA08592,exFAT · Backport,"Backport, exFAT, Backport 4.xx, ZIP, Backport 5.xx",01.008
Monster Energy Supercross The Official Videogame 6,PPSA09135,exFAT · Backport,"Backport, exFAT, Backport 4.xx",01.009
Monster Energy Supercross: The Official Videogame 4,PPSA01608,PKG,"PKG, unknown",01.010
Monster Energy Supercross: The Official Videogame 5,PPSA04054,PKG,"PKG, unknown",01.005
Monster Hunter Stories 3 Twisted Reflection,PPSA26873,exFAT · PKG · Backport,"Backport, PKG, exFAT, Backport 4.xx, Backport 5.xx, unknown",01.002
Monster Hunter Wilds,PPSA24191,exFAT · Folder · Backport 4.xx,"PKG, Backport 4.xx, exFAT, Folder, Backport, unknown",01.041.040
Monster Hunter Wilds Premium Edition,PPSA07862,Backport,Backport,01.041
Monster Jam Showdown,PPSA16159,Folder · Backport 4.xx,"Folder, ZIP, Backport 4.xx, Backport 5.xx",01.000
Monster Jam Showdown,PPSA16160,exFAT · Folder · Backport,"Backport, exFAT, Folder, ZIP, Backport 4.xx, Backport 5.xx",01.012
Monster Truck Championship,PPSA01902,PKG,PKG,01.000.001
Morbid The Lords of Ire,PPSA13524,exFAT · PKG · Backport,"Backport, PKG, exFAT, ZIP, Backport 4.xx, Backport 5.xx",01.400.100
Mortal Kombat 1,PPSA07570,exFAT · PKG · Backport 4.xx,"exFAT, PKG, ZIP, 7z, Backport 4.xx, Backport 6.xx",01.010.001
Mortal Kombat 11 Ultimate Edition,PPSA01619,FFPFSC · exFAT,"exFAT, PKG, FFPFSC",01.000.004
Mortal Kombat Legacy Kollection,PPSA28068,exFAT · Folder · Backport,"Backport, Folder, PKG, Backport 9.xx, exFAT, RAR, ZIP, Backport 4.xx",01.007
Mortal Shell Enhanced Edition,PPSA02868,PKG,PKG,01.000.008
Mothmen 1966,PPSA10829,exFAT · APR-EMU · Backport,"Backport, exFAT, APR-EMU, RAR, Backport 4.xx",01.001
MotoGP 21,PPSA02377,PKG,"PKG, unknown",01.019
MotoGP 22,PPSA05760,PKG,"PKG, unknown",01.012
MotoGP 23,PPSA10682,PKG · Backport 4.xx,"PKG, ZIP, Backport 4.xx, Backport 5.xx",01.000
MotoGP 24,PPSA19566,exFAT · Folder · Backport,"Backport, PKG, exFAT, Folder, Backport 4.xx, ZIP, Backport 5.xx",01.011.000
MotoGP 25,PPSA25319,exFAT · PKG · Backport,"Backport, PKG, exFAT, Backport 4.xx",01.013
MotoGP 26,PPSA32557,PKG · Backport,"Backport, PKG, unknown",01.000
MX vs ATV Legends 2025 Ultimate Edition,PPSA04734,exFAT · PKG · Backport,"Backport, PKG, exFAT, RAR, ZIP, Backport 4.xx, Backport 5.xx",04.024
MXGP 2020 – The Official Motocross Videogame,PPSA01646,PKG,"PKG, unknown",01.007
My First Gran Turismo,PPSA24157,Backport,Backport,01.010
My First Gran Turismo,PPSA24156,exFAT · PKG · Backport 4.xx,"APR-EMU, PKG, Backport 4.xx, exFAT, RAR",01.010
NAIAD,PPSA09904,exFAT · PKG · Backport,"Backport, APR-EMU, PKG, exFAT, Backport 7.xx",01.001.100
Naruto X Boruto Ultimate Ninja Storm Connections,PPSA06981,Backport 4.xx,Backport 4.xx,01.006
NASCAR Arcade Rush,PPSA13790,exFAT · PKG · Backport,"Backport, PKG, exFAT, RAR, Backport 4.xx, ZIP, Backport 5.xx",01.000
NBA 2K21,PPSA01387,unknown,unknown,01.012
NBA 2K22,PPSA03669,unknown,unknown,01.018
NBA 2K23,PPSA07169,Folder · PKG,"PKG, Folder",01.016
NBA 2K24,PPSA15302,exFAT · PKG · Backport,"Backport, PKG, APR-EMU, Backport 4.xx, exFAT, RAR",01.017.000
NBA 2K25,PPSA22121,PKG · APR-EMU,"APR-EMU, PKG, RAR",01.017
NBA 2K26,PPSA28420,exFAT · PKG · Backport,"Backport, PKG, Backport 7.xx, exFAT, APR-EMU",01.017
Necromunda: Hired Gun,PPSA02449,PKG,"PKG, unknown",01.009
Need for Speed Unbound,GAME_97462,exFAT · Backport 4.xx,"exFAT, Backport 4.xx",01.027
Need for Speed Unbound,PPSA01716,exFAT · PKG · Backport,"Backport, PKG, Backport 4.xx, exFAT",01.029
Neko Rescue Tale,PPSA13871,exFAT · PKG · Backport,"Backport, PKG, Backport 4.xx, exFAT",01.000
Neptunia Reverse,PPSA02721,exFAT · PKG,"exFAT, APR-EMU, PKG",01.000
Nerf Legends,PPSA02413,PKG,PKG,01.006
Neva,PPSA16786,exFAT · PKG · Backport,"Backport, PKG, exFAT, Backport 4.xx",01.007
New Joe and Mac Caveman Ninja,PPSA02801,exFAT · PKG,"exFAT, PKG, APR-EMU, RAR, unknown",01.003
New Super Luckys Tale,PPSA34823,exFAT · Backport 4.xx,"exFAT, Backport 4.xx, unknown",01.001
New Tales From The Borderlands,PPSA03500,FFPFSC · exFAT · Backport,"Backport, FFPFSC, exFAT, Backport 4.xx, PKG",01.002
NHL 23,PPSA05659,unknown,"unknown, RAR",01.073
NHL 24,PPSA11193,exFAT · Folder · Backport,"Backport, PKG, Backport 4.xx, Backport 5.xx, exFAT, Folder, ZIP",01.060
NHL 24,GAME_33287,exFAT · Backport 4.xx,"exFAT, Backport 4.xx, Backport 5.xx, ZIP",01.060
Nickelodeon All Star Brawl,PPSA02279,exFAT · PKG,"exFAT, PKG",01.000
Nickelodeon Kart Racers 3 Slime Speedway,PPSA04339,Folder · PKG · Backport 4.xx,"Folder, PKG, Backport 4.xx",01.000.000
Night Trap 25th Anniversary Edition,PPSA05111,APR-EMU,"APR-EMU, RAR",01.000.200
Nikoderiko The Magical World Directors Cut,PPSA23760,exFAT · Backport,"Backport, exFAT, Backport 4.xx, Backport 7.xx",01.000.012
NINJA GAIDEN 2 Black,PPSA26679,exFAT · PKG · Backport 4.xx,"exFAT, PKG, Backport 4.xx, ZIP",01.003
Ninja Gaiden 4,PPSA25258,exFAT · Folder · Backport,"Backport, APR-EMU, PKG, Backport 4.xx, exFAT, Folder, RAR",01.000.003
Ninja Gaiden Ragebound,PPSA28002,exFAT · PKG · Backport,"Backport, PKG, exFAT, Backport 4.xx, unknown",01.006
Nioh 2 Remastered,PPSA02489,PKG · APR-EMU,"APR-EMU, PKG, RAR",01.027.001
Nioh 2 Remastered The Complete Edition,PPSA02487,APR-EMU,APR-EMU,01.027.001
Nioh 3 Deluxe Edition,PPSA32785,exFAT · PKG · Backport,"Backport, APR-EMU, PKG, Backport 4.xx, Backport 5.xx, Backport 10.xx, exFAT, RAR",01.040.020
Nioh Remastered The Complete Edition,PPSA02484,exFAT · PKG,"exFAT, APR-EMU, RAR, PKG",01.023.001
No Mans Sky,PPSA02110,exFAT · PKG · Backport,"Backport, APR-EMU, PKG, exFAT, Backport 4.xx, RAR",06.024
No More Heroes 3,PPSA07576,exFAT · PKG · Backport,"Backport, PKG, exFAT, unknown",01.004
Observer System Redux,PPSA02117,unknown,unknown,01.008
Observer: System Redux,PPSA02118,PKG,PKG,01.008
Octopath Traveler 2,PPSA09809,exFAT · PKG · Backport,"Backport, PKG, exFAT, Backport 4.xx",01.000
Oddworld Abes Exoddus (PS1 Emulation),PPSA07921,unknown,"unknown, RAR",01.000.002
Oddworld Soulstorm,GAME_59391,unknown,unknown,01.160
Oddworld: Soulstorm,PPSA02259,PKG,"PKG, unknown",01.160
On The Road The Truck Simulator,PPSA02891,Backport 4.xx,"ZIP, Backport 4.xx, Backport 5.xx",01.000.009
Once Upon A Katamari,PPSA21904,PKG,"PKG, unknown",01.000
One Last Breath,PPSA18172,exFAT · PKG · Backport,"Backport, PKG, exFAT, Backport 4.xx, unknown",02.000
One Piece Odyssey,PPSA04995,exFAT · PKG,"exFAT, PKG",01.002.001
Outcast A New Beginning,PPSA04814,exFAT · Folder · Backport,"Backport, exFAT, ZIP, Backport 4.xx, Backport 6.xx, Folder, Backport 5.xx",01.000
Outcast A New Beginning,PPSA04813,PKG,PKG,01.000
Outer Wilds,PPSA08102,exFAT · Backport 4.xx,"exFAT, Backport 4.xx, RAR, unknown",01.000
Outward Definitive Edition,PPSA06215,exFAT · PKG,"exFAT, PKG, APR-EMU, RAR",01.007
Overpass 2,PPSA09850,exFAT · Folder · Backport 6.xx,"exFAT, PKG, Backport 6.xx, Folder, ZIP, Backport 4.xx, Backport 5.xx",01.004
Override 2: Super Mech League,PPSA01907,PKG,PKG,01.007
OVRDARK: A Do Not Open Story,PPSA13862,Folder · PKG · Backport 4.xx,"PKG, Folder, ZIP, Backport 4.xx, Backport 5.xx",01.000
PAC Man World Re PAC,PPSA06399,exFAT · PKG · Backport,"exFAT, PKG, Backport, RAR",01.002
PAC-MAN WORLD 2 Re-PAC,PPSA18189,PKG · APR-EMU,"PKG, APR-EMU",01.004
Pacific Drive,PPSA10965,Folder · PKG · Backport,"PKG, Backport, Folder, RAR, ZIP, Backport 4.xx, Backport 5.xx",01.015.000
Painkiller,PPSA27676,exFAT · PKG · Backport,"Backport, PKG, RAR, exFAT, Backport 4.xx, unknown",01.007
Paleo Pines,PPSA10796,exFAT · PKG,"exFAT, PKG, RAR",01.001
Panda Hero Remastered,PPSA02798,exFAT · PKG,"exFAT, PKG, APR-EMU",01.000
Park Beyond,PPSA05344,exFAT · PKG · Backport 4.xx,"PKG, exFAT, Backport 4.xx",01.000
Park Beyond,PPSA05326,PKG · Backport,"Backport, PKG",04.001
PAW Patrol Grand Prix,PPSA05521,exFAT · Backport,"Backport, exFAT, RAR, Backport 4.xx, ZIP",01.000
PAW Patrol World,PPSA09190,exFAT · Backport,"Backport, exFAT, RAR, Backport 4.xx, ZIP, Backport 5.xx",01.000
Persona 3 Reload,PPSA10872,exFAT · PKG · Backport,"Backport, PKG, exFAT, ZIP, Backport 4.xx, Backport 5.xx",01.008
Persona 5 Tactica Deluxe Edition,PPSA09706,exFAT · APR-EMU · Backport,"Backport, exFAT, APR-EMU, Backport 4.xx",01.001.000
Personality and Psychology Premium,PPSA07029,unknown,unknown,01.003
PGA TOUR 2K23,PPSA04426,exFAT · Backport,"Backport, exFAT, Backport 4.xx",01.023
PGA Tour 2K25,PPSA17952,exFAT · PKG · Backport,"Backport, exFAT, Backport 4.xx, Backport 7.xx, PKG",01.000
Phantom Breaker Battle Grounds Ultimate,PPSA13794,exFAT · Backport 4.xx,"exFAT, ZIP, Backport 4.xx, RAR",01.000
Pistol Whip,PPSA12514,PKG,"PKG, unknown",01.000.009
Planet Coaster Console Edition,PPSA01736,exFAT · PKG,"exFAT, PKG",01.017
Plumbers Dont Wear Ties Definitive Edition,PPSA17949,exFAT · PKG · Backport 4.xx,"exFAT, PKG, Backport 4.xx",01.000
Pneumata,PPSA17139,exFAT · Folder · Backport,"Backport, exFAT, Folder, ZIP, Backport 4.xx, Backport 6.xx, Backport 5.xx, PKG",01.017
Pneumata,PPSA17138,PKG,PKG,01.017
Police Simulator Patrol Officers,PPSA05831,PKG · Backport 4.xx,"PKG, Backport 4.xx",01.000.000
Poppy Playtime Chapter 1,PPSA20591,Folder · PKG · Backport 4.xx,"PKG, Backport 4.xx, Backport 5.xx, Folder, RAR, ZIP",01.000
Poppy Playtime Chapter 2,PPSA21631,exFAT · PKG · Backport,"Backport, PKG, exFAT, Backport 4.xx, RAR",01.000
Poppy Playtime Chapter 3,PPSA22380,exFAT · PKG · Backport,"Backport, PKG, Backport 4.xx, Backport 5.xx, exFAT, ZIP",01.000
Port Royale 4,PPSA02815,PKG,PKG,01.004.000
Post Trauma,PPSA11002,exFAT · PKG · Backport,"Backport, PKG, exFAT, Backport 4.xx, unknown",02.001
Potion Permit,PPSA02687,exFAT · PKG · Backport 4.xx,"exFAT, PKG, RAR, Backport 4.xx, ZIP",01.000
Potionomics Masterwork Edition,PPSA24152,Folder · PKG · Backport 4.xx,"PKG, Backport 4.xx, Backport 5.xx, Folder, ZIP, RAR",01.000
Powerwash Simulator Ultimate Satisfaction,PPSA04987,exFAT · APR-EMU · Backport,"Backport, exFAT, APR-EMU, RAR, ZIP, Backport 4.xx, Backport 5.xx",01.018
PRAGMATA Deluxe Edition,PPSA02530,FFPFSC · exFAT · Backport,"Backport, PKG, Backport 5.xx, FFPFSC, exFAT, RAR, Backport 4.xx",01.200
Predator Hunting Grounds,PPSA24179,exFAT · Folder · Backport,"Backport, Folder, PKG, exFAT, RAR, Backport 4.xx",01.017
Prince of Persia: The Lost Crown,PPSA10067,exFAT · Folder · Backport 4.xx,"PKG, exFAT, Folder, APR-EMU, Backport 4.xx",01.004.001
Prince of Persia: The Lost Crown Complete Edition,PPSA10528,exFAT · Folder · Backport,"Backport, exFAT, Folder, PKG",01.004.001
Propagation Paradise Hotel,PPSA15878,Backport,Backport,01.000
Puyo Puyo Tetris 2,PPSA01530,exFAT · PKG,"exFAT, PKG, APR-EMU",01.320
Puzzle Bobble 3D Vacation Odyssey,PPSA03712,exFAT · PKG,"exFAT, APR-EMU, PKG",01.006.000
Quake,PPSA01880,exFAT · PKG,"exFAT, PKG, unknown",01.009
Quake 2,PPSA09477,exFAT · PKG · Backport,"Backport, PKG, Backport 4.xx, exFAT, RAR, ZIP",01.003.000
Quantum Error,PPSA04479,exFAT · PKG · Backport,"Backport, PKG, exFAT, RAR, Backport 6.xx, Backport 4.xx",01.009
QUBE 10th Anniversary,PPSA05591,exFAT · PKG · Backport 4.xx,"exFAT, PKG, Backport 4.xx, RAR, ZIP",01.001.000
R Type Final 3 Evolved,PPSA08394,exFAT · PKG · Backport,"Backport, PKG, exFAT, Backport 4.xx, ZIP, Backport 5.xx",01.000.004
R-Type Delta: HD Boosted,PPSA26414,PKG,"PKG, unknown",01.000.002
Raiden III x MIKADO MANIAX,PPSA13356,exFAT · Folder · Backport 4.xx,"PKG, exFAT, Folder, ZIP, RAR, Backport 4.xx, Backport 5.xx",01.010
Raiden IV x Mikado Remix,PPSA08832,PKG · Backport,"PKG, RAR, Backport",01.000
Ratchet & Clank Rift Apart,PPSA01474,FFPFSC · exFAT · Backport 4.xx,"exFAT, APR, PKG, FFPFSC, APR-EMU, Backport 4.xx",01.005.003
Real Farm Premium Edition,PPSA03535,unknown,unknown,1.0
Reanimal,PPSA23372,exFAT · PKG · Backport 4.xx,"exFAT, ZIP, Backport 4.xx, PKG",01.000
Record of Lodoss War: Deedlit in Wonder Labyrinth,PPSA05347,PKG,"PKG, unknown",01.001
Red Dead Redemption,PPSA30528,exFAT · PKG · Backport 4.xx,"exFAT, RAR, ZIP, Backport 4.xx, PKG",01.002
Red Dead Redemption Remaster,PPSA99078,PKG,PKG,01.040
Redemption Reapers,PPSA16029,exFAT · PKG · Backport,"Backport, PKG, Backport 4.xx, Backport 5.xx, exFAT, ZIP, RAR",01.420
Redout 2 Deluxe Edition,PPSA05849,exFAT · PKG,"exFAT, PKG, unknown",01.107
Remnant 2 Ultimate Edition,PPSA06693,exFAT · PKG · Backport,"Backport, PKG, Backport 6.xx, exFAT, Backport 4.xx, ZIP, Backport 5.xx",01.039
Resident Evil 2,PPSA04288,exFAT · PKG · Backport,"exFAT, PKG, Backport",01.003
Resident Evil 3,PPSA03952,exFAT · PKG · Backport,"exFAT, PKG, Backport",01.004
Resident Evil 4 Gold Edition,PPSA07411,exFAT · Folder · Backport,"Backport, PKG, exFAT, Folder, Backport 4.xx, Backport 6.xx, ZIP, Backport 5.xx",01.590
Resident Evil 7 Biohazard Gold Edition,PPSA04404,exFAT · PKG · Backport,"exFAT, PKG, Backport",01.004
Resident Evil Requiem,PPSA30803,exFAT · Backport 4.xx,"exFAT, Backport 4.xx",01.200
Resident Evil Requiem Deluxe Edition,PPSA31246,exFAT · PKG · Backport 4.xx,"exFAT, PKG, RAR, Backport 4.xx",01.200.000
Resident Evil Village Gold Edition,PPSA01556,exFAT · PKG · Backport 4.xx,"exFAT, PKG, RAR, Backport 4.xx",01.210
Resident Evil Village Maiden Demo,PPSA01859,PKG,"PKG, unknown",01.001
Returnal,PPSA01285,FFPKG · exFAT · Backport 4.xx,"exFAT, FFPKG, RAR, Backport 4.xx, PKG",03.005
Revenge of The Savage Planet,PPSA20154,exFAT · PKG · Backport,"Backport, exFAT, PKG, Backport 4.xx, ZIP, RAR",01.030
REYNATIS,PPSA22607,exFAT · APR-EMU,"exFAT, APR-EMU, RAR",01.000
REYNATIS Deluxe Edition,PPSA20723,exFAT · PKG,"exFAT, PKG, APR-EMU, RAR",01.010
Rez Infinite,PPSA09165,exFAT · PKG · Backport,"Backport, PKG, Backport 4.xx, exFAT",01.008
Richman 11,PPSA16960,PKG,"PKG, unknown",01.000
RIDE 4,PPSA01599,PKG,"PKG, unknown",01.023
RIDE 5,PPSA15190,exFAT · PKG · Backport,"Backport, PKG, exFAT, ZIP, Backport 4.xx, Backport 5.xx",01.025
Riders Republic,PPSA01374,exFAT · PKG,"exFAT, APR-EMU, PKG, RAR",01.000
RiMS Racing,PPSA02716,exFAT · APR-EMU,"exFAT, APR-EMU",01.006
Rise of The Ronin,PPSA04539,FFPKG · exFAT · Backport,"Backport, FFPKG, exFAT, Folder, PKG, APR-EMU, RAR, Backport 4.xx",01.009
Rise of the Ronin,PPSA04540,PKG,"PKG, RAR, unknown",01.009
Road Maintenance Simulator,PPSA06199,unknown,unknown,01.000
Roadcraft,PPSA09845,exFAT · PKG · Backport,"Backport, APR-EMU, PKG, exFAT, Backport 7.xx, RAR",01.009.610
RoboCop Rogue City,PPSA05060,Folder · PKG · Backport 4.xx,"PKG, Folder, Backport 4.xx, Backport 5.xx",01.000
RoboCop Rogue City Unfinished Business Deluxe Edition,PPSA28329,exFAT · PKG · Backport,"Backport, PKG, Backport 4.xx, exFAT, RAR",01.009
RollerCoaster Tycoon Adventures Deluxe,PPSA17330,exFAT · PKG · Backport 4.xx,"exFAT, Backport 4.xx, PKG",01.002
Romancing SaGa 2 Revenge of the Seven,PPSA16566,exFAT · PKG · Backport,"Backport, PKG, Backport 4.xx, exFAT, RAR",01.010
Rugrats Adventure in Gameland,PPSA23396,exFAT · PKG,"exFAT, PKG, RAR",01.000
Rune Factory Guardians of Azuma,PPSA21165,unknown,unknown,01.001.003
Sackboy A Big Adventure,PPSA01288,PKG,PKG,01.014
Sackboy A Big Adventure,PPSA01289,exFAT · PKG,"exFAT, PKG, RAR",01.024
Saga of Sins,PPSA10050,exFAT · PKG · Backport,"Backport, APR-EMU, PKG, exFAT, Backport 4.xx",01.000
Saints Row,PPSA02807,exFAT · PKG,"exFAT, PKG",01.017
Saints Row Gold Edition,PPSA02813,exFAT · Folder · Backport,"exFAT, PKG, Folder, APR-EMU, RAR, Backport",01.017
Samurai Maiden Deluxe Edition,PPSA04132,exFAT · PKG · Backport,"Backport, PKG, exFAT, Backport 4.xx",01.060
SAND LAND,PPSA08574,exFAT · Folder · Backport 4.xx,"exFAT, PKG, Folder, ZIP, Backport 4.xx, Backport 5.xx",01.007
SAROS,PPSA07631,exFAT · PKG · Backport,"Backport, PKG, Backport 4.xx, Backport 5.xx, exFAT, ZIP",01.000
Scarlet Nexus,PPSA02211,exFAT · PKG,"exFAT, APR-EMU, PKG, RAR",01.008
Scars Above,PPSA08597,exFAT · PKG · Backport,"Backport, PKG, exFAT, Backport 4.xx, Backport 5.xx",01.003
Scorn,PPSA07850,exFAT · Folder · Backport,"Backport, PKG, exFAT, Folder, Backport 4.xx, Backport 6.xx, ZIP, Backport 5.xx",00.100.000
Screamer,PPSA26092,exFAT · Folder · Backport 4.xx,"exFAT, Folder, PKG, Backport 4.xx, Backport 5.xx, Backport 10.xx",01.002
SD GUNDAM BATTLE ALLIANCE,PPSA05163,exFAT · PKG,"exFAT, RAR, PKG",01.040
Sea of Stars,PPSA07587,exFAT · PKG,"exFAT, PKG, RAR",01.006
Seeker: My Shadow,PPSA12500,PKG · Backport 4.xx,"PKG, Backport 4.xx, Backport 5.xx, ZIP, RAR",01.002
Selfloss,PPSA21085,exFAT · Folder · Backport,"Backport, PKG, exFAT, Folder, RAR, Backport 4.xx, ZIP, Backport 5.xx",01.000
Session: Skate Sim,PPSA06510,PKG · Backport,"PKG, Backport",01.000
Severed Steel,PPSA05106,PKG,"PKG, unknown",01.000
Shadow Labyrinth,PPSA20298,exFAT · PKG · Backport,"Backport, PKG, exFAT, Backport 4.xx, unknown, RAR",01.100
Shadow Warrior 3 Definitive Edition,PPSA07817,exFAT · PKG · Backport,"Backport, PKG, exFAT, Backport 4.xx",01.002
Shadows of The Damned Hella Remastered,PPSA17858,exFAT · PKG · Backport,"Backport, PKG, Backport 4.xx, exFAT",01.001
Shame Legacy,PPSA13742,exFAT · PKG · Backport,"Backport, PKG, exFAT, RAR, ZIP, Backport 4.xx, Backport 5.xx",01.030
Shin Megami Tensei V Vengeance,PPSA15716,exFAT · Folder · Backport,"Backport, exFAT, Folder, PKG, Backport 4.xx, Backport 6.xx, ZIP, Backport 5.xx",01.000
SHINOBI Art of Vengeance,PPSA19461,exFAT · PKG · Backport 4.xx,"exFAT, PKG, RAR, Backport 4.xx",01.200
Sid Meiers Civilization VII Founders Edition,PPSA04203,exFAT · PKG · Backport,"Backport, PKG, exFAT, Backport 4.xx, RAR, unknown",01.019
Sifu,PPSA03001,PKG,PKG,01.007
Sifu,PPSA05132,exFAT · PKG,"exFAT, PKG",01.024.000
Silent Hill 2,PPSA08709,exFAT · PKG · Backport 4.xx,"exFAT, RAR, ZIP, Backport 4.xx, Backport 5.xx, Backport 6.xx, PKG",00.100.006
Silent Hill f,PPSA21159,exFAT · PKG · Backport,"Backport, PKG, exFAT, RAR, Backport 4.xx",01.003
SILENT HILL The Short Message,PPSA10112,exFAT · PKG · Backport,"Backport, PKG, exFAT, Backport 4.xx",01.001
Sker Ritual,PPSA14196,exFAT · PKG · Backport,"Backport, PKG, exFAT, RAR, Backport 4.xx, unknown",01.000
Skull Island Rise of Kong,PPSA15537,exFAT · PKG · Backport,"Backport, PKG, exFAT, Backport 4.xx, Backport 6.xx, ZIP, Backport 5.xx",01.200
Skydance’s BEHEMOTH,PPSA04962,PKG · Backport 7.xx,"PKG, Backport 7.xx, RAR",01.014
Slave Zero X,PPSA13898,PKG,PKG,01.000
Slave Zero X,PPSA13899,Folder · Backport 4.xx,"Folder, ZIP, Backport 4.xx, Backport 5.xx, Backport 6.xx",01.000.006
Slay the Princess: The Pristine Cut,PPSA24423,PKG,"PKG, unknown",02.003
Slitterhead,PPSA20164,exFAT · PKG · Backport 4.xx,"exFAT, PKG, Backport 4.xx",01.000
Smalland Survive The Wilds,PPSA17372,Backport 4.xx,"Backport 4.xx, ZIP, Backport 5.xx, Backport 6.xx",01.000
Smurfs Kart,PPSA14050,exFAT · PKG,"exFAT, PKG, RAR",01.000
Sniper Elite 5,PPSA01685,exFAT · PKG · Backport,"7z, Backport, APR-EMU, PKG, Backport 4.xx, exFAT, RAR",01.004
Sniper Elite Resistance,PPSA17232,exFAT · PKG · Backport,"Backport, APR-EMU, PKG, Backport 4.xx, exFAT, RAR",01.010
Sniper Ghost Warrior Contracts 2,PPSA03131,exFAT · PKG,"exFAT, PKG, unknown",01.001
Sniper Ghost Warrior Contracts 2,PPSA03130,exFAT,exFAT,01.004
SnowRunner,PPSA04930,exFAT · PKG · Backport,"Backport, APR-EMU, PKG, exFAT, Backport 4.xx, RAR",01.048
Song in The Smoke Rekindled,PPSA14511,Backport 4.xx,"ZIP, RAR, Backport 4.xx, Backport 5.xx",1.0
Sonic Frontiers,PPSA03831,exFAT · PKG,"exFAT, APR-EMU, PKG, RAR",01.041
Sonic Origins Plus,PPSA05324,exFAT · PKG,"exFAT, APR-EMU, PKG, RAR",02.002
Sonic Racing CrossWorlds Deluxe Edition,PPSA08804,exFAT · Folder · Backport 4.xx,"exFAT, PKG, Folder, ZIP, RAR, Backport 4.xx",01.012
Sonic Superstars,PPSA06888,exFAT · PKG · Backport,"Backport, APR-EMU, PKG, Backport 4.xx, exFAT, RAR",01.001.008
Sonic X Shadow Generations Deluxe Edition,PPSA17597,exFAT · PKG · Backport 4.xx,"exFAT, APR-EMU, PKG, Backport 4.xx, RAR",01.012
Soul Hackers 2,PPSA03743,PKG,PKG,01.002
Soul Hackers 2,PPSA03363,exFAT · Folder,"exFAT, Folder, APR-EMU, RAR",01.002
Soul Hackers 2 Premium Edition,PPSA03744,exFAT,exFAT,01.002
Soulstice,PPSA03937,exFAT · PKG · Backport,"Backport, PKG, exFAT",01.000.100
SOUTH PARK: SNOW DAY!,PPSA15572,exFAT · Folder · Backport 4.xx,"exFAT, Folder, ZIP, Backport 4.xx, Backport 5.xx, RAR, PKG",01.023
Space Adventure Cobra The Awakening Gold Edition,PPSA17337,exFAT · PKG · Backport,"Backport, PKG, exFAT, Backport 4.xx, unknown",01.004.000
Spacebase Startopia,PPSA02845,exFAT · APR-EMU,"exFAT, APR-EMU, RAR",01.004.002
Spacebase Startopia Extended Edition,PPSA02846,exFAT · PKG,"exFAT, PKG",01.004
SpellForce Conquest of Eo,PPSA17231,exFAT · Backport,"Backport, exFAT, Backport 4.xx, RAR",01.004.300
Spirit of The North 2,PPSA28617,exFAT · PKG · Backport 4.xx,"exFAT, PKG, Backport 4.xx, RAR",01.002
Spirit of The North Enhanced Edition,PPSA02306,exFAT · PKG,"exFAT, PKG, RAR",01.000
Split Fiction,PPSA08560,FFPKG · FFPFSC · Backport,"Backport, PKG, FFPKG, FFPFSC, exFAT, Folder, RAR, Backport 4.xx",01.005
SPY X ANYA Operation Memories Deluxe Edition,PPSA15209,exFAT,exFAT,01.001
SPY X ANYA Operation Memories Deluxe Edition,PPSA15212,exFAT,exFAT,01.001
Squirrel With A Gun,PPSA22102,exFAT · Folder · Backport,"Backport, PKG, exFAT, Folder, RAR, Backport 4.xx, ZIP, Backport 5.xx",01.000
STALKER 2: Heart of Chornobyl,PPSA28336,exFAT · Folder · Backport,"exFAT, Folder, PKG, Backport, Backport 4.xx",01.009
STALKER Call of Prypiat Enhanced Edition,PPSA21732,exFAT · PKG · Backport 4.xx,"exFAT, PKG, Backport 4.xx",01.009
STALKER Clear Sky Enhanced Edition,PPSA21733,exFAT · PKG · Backport 4.xx,"exFAT, PKG, Backport 4.xx",01.009
STALKER Shadow of Chornobyl Enhanced Edition,PPSA21734,exFAT · PKG · Backport 4.xx,"exFAT, PKG, Backport 4.xx",01.009
Star Ocean The Divine Force,PPSA06262,exFAT · PKG · Backport,"Backport, PKG, Backport 4.xx, exFAT, ZIP",01.000
STAR OCEAN THE SECOND STORY R,PPSA13715,exFAT · APR-EMU · Backport,"Backport, exFAT, APR-EMU, Backport 4.xx",01.000
Star Trek Resurgence,PPSA18037,exFAT · Folder · Backport,"Backport, exFAT, Folder, Backport 4.xx, ZIP, Backport 5.xx",01.000
Star Trek: Prodigy Supernova,PPSA07565,PKG,"PKG, unknown",01.000
Star Wars Dark Forces Remaster,PPSA19728,exFAT · PKG · Backport,"Backport, PKG, Backport 4.xx, exFAT",02.000
Star Wars Jedi Fallen Order,PPSA02199,exFAT · PKG · Backport,"Backport, exFAT, PKG",01.006
Star Wars Jedi Survivor,PPSA07783,exFAT · PKG · Backport,"exFAT, APR-EMU, PKG, RAR, Backport",01.013
Star Wars Jedi: Fallen Order,PPSA02198,PKG · Backport,"PKG, Backport",01.003
Star Wars Outlaws Ultimate Edition,PPSA08260,exFAT · PKG · Backport 4.xx,"exFAT, PKG, Backport 4.xx, ZIP",01.003.001
Starfield,PPSA24884,exFAT · Folder · Backport,"Backport, APR-EMU, PKG, exFAT, Folder, RAR, Backport 4.xx",01.002
Steel Seed Deluxe Edition,PPSA28601,exFAT · PKG · Backport 4.xx,"exFAT, ZIP, Backport 4.xx, PKG",01.004
Steelrising,PPSA05063,exFAT · PKG · Backport,"Backport, PKG, exFAT, RAR, Backport 4.xx",01.006.000
Stellar Blade,PPSA13195,exFAT · PKG · Backport 4.xx,"exFAT, PKG, APR-EMU, Backport 4.xx, RAR",01.014.001
Stellar Blade,PPSA13197,FFPFSC · exFAT · Backport 4.xx,"FFPFSC, exFAT, APR-EMU, Backport 4.xx, RAR",01.014.001
Still Wakes The Deep,PPSA07905,exFAT · Folder · Backport,"Backport, exFAT, Folder, RAR, ZIP, Backport 4.xx, Backport 5.xx, Backport 6.xx, PKG",01.001
Still Wakes the Deep The Complete Collection,PPSA07906,exFAT · Folder · Backport,"Backport, PKG, Backport 6.xx, exFAT, Folder, RAR, Backport 4.xx, ZIP, Backport 5.xx",01.600.001
STORY OF SEASONS A Wonderful Life,PPSA11541,Backport,Backport,01.002
STORY OF SEASONS: A Wonderful Life,PPSA13506,exFAT · PKG · Backport 4.xx,"PKG, exFAT, APR-EMU, Backport 4.xx, Backport, unknown",01.002
Stranger of Paradise Final Fantasy Origin Deluxe Edition,PPSA03233,exFAT · PKG,"exFAT, PKG, RAR",01.302
Stray,PPSA02100,FFPFSC · exFAT,"exFAT, PKG, FFPFSC, RAR",01.005
Street Fighter 6,PPSA02632,exFAT · Folder · Backport,"Backport, PKG, exFAT, Backport 4.xx, Folder, Backport 5.xx",01.000
Street Outlaws 2: Winner Takes All,PPSA02275,PKG,"PKG, unknown",01.003
Stroke The Snake,PPSA10240,unknown,unknown,01.000
Styx Blades of Greed,PPSA28835,exFAT · Folder · Backport 5.xx,"exFAT, Folder, PKG, Backport 5.xx",01.003
Subnautica,PPSA02453,exFAT · PKG,"exFAT, APR-EMU, PKG",01.022.394
Subnautica Below Zero,PPSA02457,exFAT · PKG,"exFAT, RAR, PKG",01.022.125
Subnautica: Below Zero,PPSA02456,PKG,PKG,01.021.397
Suicide Squad Kill The Justice League,PPSA02182,exFAT · PKG · Backport,"Backport, APR-EMU, PKG, Backport 4.xx, Backport 7.xx, exFAT, RAR",01.024
Summer Sports Games 4K Edition,PPSA03416,exFAT · APR-EMU,"exFAT, APR-EMU",01.001
Super Bomberman R 2,PPSA07191,Backport 4.xx,"ZIP, Backport 4.xx",01.003.001
Super Crazy Rhythm Castle,PPSA05986,exFAT · PKG,"exFAT, RAR, PKG",01.002
Super Monkey Ball Banana Mania,PPSA01668,exFAT · PKG · Backport,"Backport, APR-EMU, PKG, exFAT, Backport 4.xx, RAR",01.004
Super Sami Roll,PPSA03491,exFAT · APR-EMU · Backport,"Backport, exFAT, APR-EMU, Backport 4.xx",02.005
Super Woden GP,PPSA07211,exFAT · Backport,"Backport, exFAT, Backport 4.xx",01.003
Superliminal,PPSA06084,exFAT · PKG · Backport,"Backport, APR-EMU, PKG, Backport 4.xx, exFAT",01.010
Sword Art Online Fractured Daydream,GAME_29711,unknown,unknown,01.000
Sword Art Online Fractured Daydream,PPSA06568,exFAT · PKG · Backport,"Backport, PKG, exFAT, Backport 4.xx",01.001
Sword Art Online Last Recollection,PPSA06958,exFAT · PKG · Backport,"Backport, exFAT, PKG, Backport 4.xx, ZIP, Backport 5.xx",01.021
Syberia Remastered,PPSA30140,exFAT · PKG · Backport,"Backport, PKG, exFAT, APR-EMU, Backport 4.xx",01.003
Syberia The World Before,PPSA02777,exFAT · PKG · Backport,"Backport, PKG, Backport 7.xx, exFAT, APR-EMU, Backport 4.xx",01.003
Syphon Filter,PPSA06323,Backport 4.xx,"Backport 4.xx, RAR, ZIP, Backport 5.xx",01.003
Syphon Filter 2,PPSA06695,exFAT · PKG · Backport,"Backport, exFAT, RAR, Backport 4.xx, ZIP, PKG",01.000.002
System of Souls,PPSA09509,exFAT · Backport,"Backport, exFAT, Backport 4.xx, ZIP, Backport 5.xx, RAR",01.000
System Shock,PPSA06389,exFAT · Folder · Backport,"Backport, exFAT, Folder, Backport 4.xx, ZIP, Backport 5.xx",01.000
t Campus,PPSA03644,exFAT · PKG · Backport 4.xx,"exFAT, PKG, Backport 4.xx, Backport 5.xx, RAR",01.029
Tactics Ogre Reborn,PPSA03841,PKG · Backport 4.xx,"PKG, Backport 4.xx",01.008
Tactics Ogre Reborn,PPSA03840,exFAT · Backport 4.xx,"exFAT, RAR, ZIP, Backport 4.xx",01.008
Tactics Ogre: Reborn,PPSA03839,exFAT · PKG · Backport 4.xx,"exFAT, ZIP, Backport 4.xx, RAR, PKG",01.008
Taiko no Tatsujin Donderful Festival Demo,PPSA24083,unknown,"unknown, RAR",01.001
Taiko no Tatsujin Rhythm Festival,PPSA16441,Folder · PKG,"PKG, Folder, RAR",01.000
Tails of Iron,PPSA03999,unknown,unknown,1.0
Tainted Grail The Fall of Avalon,PPSA19411,PKG · Backport 4.xx,"PKG, RAR, Backport 4.xx, unknown",01.015.004
Tales of Arise,PPSA02745,exFAT · PKG,"exFAT, PKG",01.004
Tales of Graces F Remastered,PPSA19990,exFAT,exFAT,01.000
Tales of Graces f Remastered,PPSA19989,exFAT · PKG · Backport 4.xx,"PKG, exFAT, APR-EMU, Backport 4.xx",01.000.006
TAPE Unveil The Memories,PPSA08390,Backport 4.xx,Backport 4.xx,01.002
Taxi Chaos 2,PPSA30279,Folder · PKG · Backport 4.xx,"Folder, PKG, Backport 4.xx",01.007
Taxi Life: A City Driving Simulator,PPSA14176,Folder · PKG · Backport 4.xx,"PKG, Folder, Backport 4.xx, ZIP, Backport 5.xx",01.000
Teardown,PPSA15246,exFAT · Folder · Backport,"Backport, PKG, exFAT, Folder, ZIP, Backport 4.xx, Backport 5.xx",01.070.100
Teenage Mutant Ninja Turtles Arcade Wrath of The Mutants,PPSA18571,exFAT · PKG · Backport,"Backport, PKG, exFAT, Backport 4.xx, unknown",01.000.002
Teenage Mutant Ninja Turtles Mutants Unleashed,PPSA17246,RAR,RAR,01.000
Teenage Mutant Ninja Turtles Mutants Unleashed Deluxe Edition,PPSA17245,exFAT · PKG · Backport,"Backport, PKG, exFAT, APR-EMU, RAR, Backport 4.xx",01.004
Teenage Mutant Ninja Turtles Splintered Fate,PPSA25582,PKG,"PKG, unknown",01.017
Teenage Mutant Ninja Turtles: The Cowabunga Collection,PPSA04489,PKG,"PKG, unknown",01.000
TEKKEN 8,PPSA10595,FPKG · exFAT · Backport,"Backport, PKG, FPKG, exFAT, ZIP, RAR, Backport 4.xx, Backport 6.xx",01.009.001
Terminator Resistance Enhanced,PPSA02474,exFAT · PKG,"exFAT, PKG, RAR",01.000.500
Tetris Effect Connected,PPSA07923,exFAT · PKG · Backport,"Backport, PKG, exFAT, Backport 4.xx",02.000.022
Tetris Forever,PPSA25646,exFAT · PKG · Backport,"Backport, PKG, Backport 4.xx, exFAT, RAR",01.007
TEVI,PPSA21112,exFAT · Backport 4.xx,"exFAT, RAR, Backport 4.xx",01.000
The Alters,PPSA16033,exFAT · PKG · Backport,"Backport, PKG, exFAT, APR-EMU, Backport 4.xx",01.000.013
The Ascent,PPSA02593,exFAT · PKG,"exFAT, PKG",01.006
The Bearer & The Last Flame,PPSA18697,exFAT · PKG,"exFAT, PKG",01.000
The Binding of Isaac Repentance,PPSA03311,exFAT · PKG,"exFAT, PKG, RAR",01.000
The Bridge Curse 2 The Extrication,PPSA22636,Folder · Backport 4.xx,"Folder, Backport 4.xx, ZIP, Backport 5.xx",01.000
The Caligula Effect 2,PPSA11039,PKG · Backport 4.xx,"PKG, Backport 4.xx, Backport 5.xx",01.000
The Caligula Effect: Overdose,PPSA09384,PKG · Backport 4.xx,"PKG, Backport 4.xx, Backport 5.xx",01.000
The Callisto Protocol,PPSA03351,exFAT · PKG,"exFAT, PKG",01.033
The Callisto Protocol,PPSA03352,exFAT · PKG · Backport 4.xx,"exFAT, PKG, ZIP, Backport 4.xx",01.033
The Chant,PPSA03618,PKG · Backport 4.xx,"PKG, Backport 4.xx",01.000
The Chant,PPSA02057,PKG,"PKG, unknown",01.002
The Crown of Wu,PPSA09149,exFAT · PKG · Backport,"Backport, PKG, exFAT, RAR, ZIP, Backport 4.xx",01.008
The Dark Pictures Anthology House of Ashes,PPSA02594,exFAT · PKG,"exFAT, PKG",01.007
The Dark Pictures Anthology The Devil in Me,PPSA05921,exFAT · Folder · Backport,"Backport, Folder, PKG, exFAT, RAR, Backport 4.xx",01.000.000
The DioField Chronicle,PPSA05881,PKG,"PKG, unknown",01.002.001
The Dungeon of Naheulbeuk: the Amulet of Chaos,PPSA04312,exFAT · PKG,"exFAT, PKG",01.000
The Elder Scrolls IV Oblivion Remastered,PPSA21203,exFAT · Folder · Backport,"Backport, Folder, PKG, RAR, Backport 4.xx, exFAT, Backport 9.xx",01.512.105
The Elder Scrolls V Skyrim Special Edition,PPSA03747,exFAT · PKG · Backport,"Backport, PKG, exFAT",01.001.010
The Eternal Cylinder,PPSA06369,exFAT · PKG · Backport,"Backport, PKG, exFAT, Backport 4.xx",01.003
The Exit 9,PPSA20955,exFAT · PKG · Backport,"Backport, PKG, exFAT, Backport 4.xx, RAR, ZIP",01.000.000
The First Berserker Khazan,PPSA20447,exFAT · PKG · Backport 4.xx,"exFAT, PKG, RAR, Backport 4.xx",01.021.003
The Forgotten City,PPSA03026,exFAT · PKG,"exFAT, PKG, APR-EMU, RAR",01.005
The House of The Dead 2 Remake,PPSA24203,exFAT · Backport,"Backport, exFAT, Backport 4.xx, unknown",02.000
The House of the Dead Remake,PPSA04650,exFAT · PKG · Backport,"Backport, exFAT, RAR, Backport 4.xx, PKG",02.000
The House of the Dead Remake,PPSA04649,PKG · Backport 4.xx,"PKG, Backport 4.xx",02.000
The Invincible,PPSA06426,exFAT · Folder · Backport,"Backport, PKG, exFAT, Folder, Backport 4.xx, ZIP, Backport 5.xx",01.000
The Karate Kid Street Rumble,PPSA21258,unknown,unknown,01.001.000
The King of Fighters XV,PPSA02213,exFAT · PKG,"exFAT, PKG, RAR",02.003.002
The Last Faith,PPSA09347,PKG,"PKG, RAR",05.000
The Last of Us Part I,PPSA03396,exFAT · PKG · Backport 4.xx,"exFAT, PKG, RAR, Backport 4.xx, Backport 5.xx",02.000
The Last of Us Part II Remastered,PPSA10662,PKG,PKG,01.001.030
The Last of Us Part II Remastered,PPSA15508,FFPFSC · exFAT · Backport 4.xx,"exFAT, FFPFSC, Folder, Backport 4.xx, Backport 6.xx, PKG",02.001.010
The Last Stand Aftermath,PPSA04460,exFAT · APR-EMU,"exFAT, APR-EMU, unknown",01.050
The Light Brigade,PPSA12562,exFAT · PKG · Backport 4.xx,"exFAT, PKG, RAR, ZIP, Backport 4.xx",02.013
The Lord of The Rings Gollum,PPSA06367,exFAT · PKG · Backport,"Backport, PKG, exFAT, Backport 4.xx, ZIP, Backport 5.xx",01.000
The Lord of The Rings Return to Moria,PPSA16617,Backport 4.xx,"ZIP, Backport 4.xx, Backport 5.xx, Backport 6.xx",01.000
The Matrix Awakens An Unreal Engine 5 Experience Demo,PPSA05754,unknown,unknown,01.002
The Medium,PPSA03717,exFAT · PKG,"PKG, exFAT",01.003
The Medium,PPSA03718,exFAT,exFAT,01.007
The Messenger,PPSA24643,PKG,PKG,01.000
The Messenger,PPSA24651,RAR,RAR,01.000
The Midnight Walk,PPSA24864,exFAT · PKG · Backport,"Backport, PKG, Backport 4.xx, exFAT, APR-EMU, RAR",01.005
The Oregon Trail,PPSA19244,exFAT · PKG · Backport 4.xx,"exFAT, RAR, ZIP, Backport 4.xx, PKG",02.000.001
The Oregon Trail,PPSA19266,exFAT · Backport 4.xx,"exFAT, ZIP, Backport 4.xx, RAR",02.000.001
The Outer Worlds 2,PPSA24588,exFAT · PKG · Backport 4.xx,"exFAT, PKG, Backport 4.xx, ZIP, RAR",01.100.001
The Outer Worlds Spacers Choice Edition,PPSA07148,exFAT · PKG · Backport,"Backport, PKG, Backport 4.xx, exFAT, ZIP",01.006.000
The Pathless,PPSA01826,exFAT · PKG,"exFAT, PKG",02.000
The Pathless,PPSA01825,PKG,PKG,02.000
The Persistence Enhanced,PPSA01916,PKG,"PKG, RAR",01.200
The Plucky Squire,PPSA15319,exFAT · PKG · Backport,"Backport, PKG, Backport 7.xx, exFAT, APR-EMU, RAR",02.002
The Precinct,PPSA17732,exFAT · PKG · Backport,"Backport, PKG, exFAT, Backport 4.xx, RAR, unknown",01.011
The Quarry Deluxe Edition,PPSA06225,exFAT · PKG · Backport 4.xx,"exFAT, PKG, Backport 4.xx",01.007
The Riftbreaker,PPSA03753,exFAT · PKG · Backport,"Backport, PKG, exFAT, Backport 4.xx, RAR",01.020
The Smurfs 2 The Prisoner of the Green Stone,PPSA16716,exFAT · PKG · Backport 4.xx,"exFAT, PKG, Backport 4.xx, RAR, ZIP",01.000
The Smurfs: Mission Vileaf,PPSA02876,PKG,"PKG, unknown",01.000.001
The Tale of Onogoro,PPSA12651,PKG · Backport 4.xx,"PKG, Backport 4.xx, ZIP, RAR",01.000
The Talos Principle 2,PPSA05887,PKG,PKG,02.013
The Talos Principle 2,PPSA05888,Backport 4.xx,"ZIP, Backport 4.xx",02.013
The Talos Principle 2,GAME_75853,Backport 4.xx,"Backport 4.xx, ZIP",02.013
The Thing Remastered,PPSA24381,exFAT · PKG · Backport 4.xx,"PKG, Backport 4.xx, exFAT",02.000
The Walking Dead Destinies,PPSA15731,Backport 6.xx,Backport 6.xx,01.004
The Walking Dead Saints & Sinners Chapter 2 Retribution,PPSA07680,PKG,PKG,01.000
The Walking Dead Saints and Sinners Chapter 2 Retribution,PPSA07681,Backport 4.xx,Backport 4.xx,01.009.000
The Witcher 3 Wild Hunt Complete Edition,PPSA03977,exFAT · PKG · Backport,"Backport, PKG, exFAT, ZIP, Backport 4.xx",04.040.100
Thymesia,PPSA05214,PKG,PKG,01.000
Thymesia,PPSA05213,exFAT · PKG,"exFAT, RAR, PKG",01.004
Tides of Tomorrow,PPSA29986,exFAT · PKG · Backport 4.xx,"exFAT, Backport 4.xx, PKG",01.000
Tiger Blade,PPSA13222,Folder · PKG · Backport 4.xx,"PKG, Folder, RAR, ZIP, Backport 4.xx",01.001.309
Tintin Reporter Cigars of The Pharaoh,PPSA13927,exFAT · Backport,"Backport, exFAT, Backport 4.xx, ZIP, Backport 6.xx, Backport 5.xx",01.000
Tiny Tina's Wonderlands,PPSA01492,exFAT · PKG,"exFAT, PKG",01.012
Tokyo Xtreme Racer,PPSA32236,PKG · Backport 4.xx,"PKG, Backport 4.xx",01.003.003
Tomb Raider I-III Remastered,PPSA16901,exFAT · PKG · Backport 4.xx,"exFAT, PKG, RAR, ZIP, Backport 4.xx",01.001.000
Tomb Raider IV–VI Remastered,PPSA18154,Folder · PKG,"Folder, PKG, unknown",01.005
Tomba 2 The Evil Swine Return Special Edition,PPSA29866,exFAT · PKG · Backport,"Backport, PKG, Backport 7.xx, exFAT, unknown",01.300.100
Tomba Special Edition,PPSA21382,exFAT · PKG · Backport,"Backport, PKG, RAR, exFAT, Backport 7.xx, unknown",01.003
Tony Hawks Pro Skater 1 + 2,PPSA02177,exFAT · PKG,"exFAT, PKG",01.004
Tony Hawks Pro Skater 3 + 4,PPSA18010,exFAT · Folder · Backport 4.xx,"exFAT, PKG, Folder, ZIP, Backport 4.xx",01.003
Tony Hawk’s Pro Skater 1 + 2,PPSA02176,exFAT · PKG,"PKG, exFAT",01.004
TopSpin 2K25,PPSA06899,exFAT · PKG · Backport 4.xx,"exFAT, PKG, RAR, Backport 4.xx",01.017
Tormented Souls,PPSA02526,PKG · Backport,"Backport, PKG",01.009
Tormented Souls,PPSA02525,exFAT · Backport 4.xx,"exFAT, RAR, Backport 4.xx",01.009
Tormented Souls 2,PPSA17322,exFAT · PKG · Backport 4.xx,"exFAT, PKG, Backport 4.xx, RAR",01.006
Total Chaos,PPSA32393,exFAT · Backport,"Backport, exFAT, Backport 4.xx, unknown",01.002.002
Totally Reliable Delivery Service,PPSA28855,exFAT · PKG · Backport,"Backport, PKG, Backport 4.xx, exFAT, APR-EMU",01.001
Tour de France 2024,PPSA20114,exFAT · Folder · Backport,"Backport, exFAT, Folder, PKG, ZIP, RAR, Backport 4.xx",01.008
Tour de France 2025,PPSA26576,exFAT · PKG · Backport 4.xx,"exFAT, APR-EMU, PKG, Backport 4.xx, RAR",01.007
Tourist Bus Simulator,PPSA04433,PKG,PKG,01.000.000
Trails in the Sky 1st Chapter,PPSA28465,PKG,"PKG, unknown",01.006
Train Life: A Railway Simulator,PPSA03851,PKG · Backport,"PKG, Backport",01.000
Train Sim World 2: Rush Hour Deluxe Edition,PPSA03944,PKG,"PKG, unknown",01.046
Train Sim World 3,PPSA07619,Folder · PKG · Backport 4.xx,"PKG, Folder, APR-EMU, Backport 4.xx",01.001
Train Sim World 3,PPSA07618,Folder · Backport 4.xx,"Folder, Backport 4.xx",01.001
Train Sim World 4,PPSA15730,APR-EMU,APR-EMU,01.049
Train Sim World 5,PPSA23364,APR-EMU,"APR-EMU, RAR",01.049
Train Sim World 6,PPSA29953,APR-EMU,"APR-EMU, RAR",01.024
Transformer Galactic Trails,PPSA16738,exFAT · Folder · Backport,"Backport, PKG, exFAT, Folder, Backport 4.xx, Backport 5.xx",01.000
Transformers Earthspark Expedition,PPSA14264,exFAT · PKG · Backport,"Backport, PKG, exFAT, Backport 4.xx, ZIP, Backport 5.xx",01.000.003
Treasures of The Aegean,PPSA04906,exFAT · PKG,"exFAT, PKG, RAR",01.002
Trek to Yomi,PPSA02629,PKG,"PKG, unknown",02.000
Trepang2,PPSA15350,PKG · Backport,"Backport, PKG",01.000
Trepang2,PPSA15349,exFAT · Backport 4.xx,"exFAT, ZIP, Backport 4.xx, Backport 5.xx",01.000
TRIANGLE STRATEGY,PPSA26354,exFAT · PKG · Backport,"Backport, PKG, exFAT, APR-EMU, Backport 4.xx",01.001
Trinity Trigger,PPSA09740,PKG,"PKG, unknown",01.000
Tropico 6,PPSA05683,PKG,"PKG, unknown",16.001
Turok,PPSA24558,exFAT · APR-EMU · Backport,"Backport, exFAT, APR-EMU, Backport 4.xx",01.001
Turok 2 Seeds of Evil,PPSA24560,Backport,Backport,01.000
Turok 3 Shadow of Oblivion,PPSA19936,PKG · Backport,"Backport, PKG, Backport 4.xx",01.000
Two Point Campus,GAME_93524,Backport 4.xx,"RAR, ZIP, Backport 4.xx, Backport 5.xx",01.029
Two Point Museum,PPSA19769,exFAT · PKG · Backport 4.xx,"exFAT, RAR, Backport 4.xx, PKG",01.000
UFO Robot Grendizer The Feast of The Wolves Deluxe Edition,PPSA14376,exFAT · PKG · Backport 4.xx,"exFAT, PKG, Backport 4.xx",01.007
Ufouria The Saga 2,PPSA20798,PKG · APR-EMU,"PKG, APR-EMU",01.000
Unbound: Worlds Apart,PPSA03274,PKG,"PKG, unknown",01.000
Uncharted Legacy of Thieves Collection,PPSA05684,exFAT · PKG · Backport,"Backport, exFAT, ZIP, Backport 4.xx, PKG",01.002
Uncharted Legacy of Thieves Collection,PPSA05389,PKG,PKG,01.002
Undefeated,PPSA24473,Folder · Backport 4.xx,"Folder, Backport 4.xx, ZIP, Backport 5.xx, RAR",01.000
Under The Waves,PPSA08056,PKG · Backport 4.xx,"PKG, RAR, Backport 4.xx, Backport 5.xx",01.009
Undisputed,PPSA21915,exFAT · PKG · Backport,"PKG, Backport, exFAT, Backport 4.xx",01.000
Undisputed Championship Edition,PPSA21914,exFAT · PKG · Backport,"Backport, exFAT, PKG, RAR, Backport 4.xx",02.005
Unknown 9 Awakening Deluxe Edition,PPSA17841,exFAT · PKG · Backport,"Backport, APR-EMU, PKG, Backport 4.xx, exFAT, RAR",01.004.003
Unpacking,PPSA07117,exFAT · APR-EMU · Backport,"Backport, exFAT, APR-EMU, Backport 4.xx",01.000
Until Dawn,PPSA15421,exFAT · PKG · Backport,"Backport, PKG, exFAT, ZIP, RAR, Backport 6.xx, Backport 4.xx",01.005
Valkyrie Elysium,PPSA07274,PKG,PKG,01.000
Valkyrie Elysium,PPSA07275,Folder · Backport 4.xx,"Folder, Backport 4.xx",01.003
Valthirian Arc Hero School Story 2,PPSA09075,unknown,unknown,01.000
Vampire The Masquerade Bloodlines 2,PPSA15186,exFAT · PKG · Backport 4.xx,"exFAT, PKG, RAR, Backport 4.xx",01.003
Vampire The Masquerade Justice,PPSA16432,Backport 4.xx,"Backport 4.xx, unknown",01.013
Vampire: The Masquerade – Swansong,PPSA07302,PKG,PKG,01.000
VARLET,PPSA28628,exFAT · PKG · Backport 4.xx,"exFAT, PKG, RAR, ZIP, Backport 4.xx",01.001
Vertigo 2,PPSA18100,Folder · PKG · Backport 4.xx,"PKG, Folder, RAR, ZIP, Backport 4.xx, Backport 5.xx",01.000
VIEWFINDER,PPSA10249,exFAT · PKG,"exFAT, APR-EMU, PKG, RAR",01.003.000
Visage,PPSA04697,PKG,"PKG, unknown",01.000
Visions of Mana,PPSA16096,exFAT · PKG · Backport 4.xx,"exFAT, PKG, Backport 4.xx",01.003
Void tRrLM();++ //Void Terrarium++,PPSA03061,PKG,"PKG, unknown",01.000
VR Skater,PPSA13557,Folder · Backport 4.xx,"Folder, ZIP, Backport 4.xx, Backport 5.xx",01.013
Wanted: Dead,PPSA05621,Folder · PKG · Backport,"PKG, Backport, Folder, Backport 4.xx",01.001
War Mongrels,PPSA06711,PKG · Backport 4.xx,"PKG, Backport 4.xx",01.020.000
"Warhammer 40,000 Space Marine 2",PPSA04451,exFAT · PKG · Backport 7.xx,"PKG, Backport 7.xx, Backport, exFAT, APR-EMU, RAR",01.010.002
Warhammer 40000 Space Marine 2 Gold Edition,PPSA04452,exFAT · APR-EMU · Backport,"Backport, exFAT, APR-EMU, Backport 4.xx, Backport 7.xx, RAR",01.012.002
Warhammer Age of Sigmar Realms of Ruin Deluxe Edition,PPSA06927,exFAT · PKG · Backport 4.xx,"Backport 4.xx, APR-EMU, PKG, exFAT, RAR",01.007
Watch Dogs Legion,PPSA01500,exFAT · PKG,"exFAT, PKG",01.190
Watch Dogs Legion,PPSA01487,exFAT · PKG,"APR-EMU, PKG, exFAT, RAR",01.191
Way of the Hunter,PPSA05732,PKG,"PKG, unknown",01.000
We Love Katamari Reroll+ Royal Reverie,PPSA08950,Folder · PKG,"PKG, Folder, RAR",01.003
Weird West Definitive Edition,PPSA10887,exFAT · PKG · Backport,"Backport, exFAT, Backport 4.xx, PKG",01.000
Werewolf The Apocalypse Earthblood,PPSA02113,PKG,PKG,01.005
Werewolf: The Apocalypse – Earthblood,PPSA02114,PKG,PKG,01.005
Who Wants To Be A Millionaire New Edition,PPSA04933,exFAT,"exFAT, RAR, unknown",01.008
WILD HEARTS,PPSA07836,exFAT · PKG · Backport,"exFAT, PKG, RAR, APR-EMU, Backport",01.033.000
WILD HEARTS,PPSA07837,exFAT · APR-EMU · Backport 4.xx,"exFAT, APR-EMU, Backport 4.xx, Backport",01.033.000
Winter Sports Games 4K Edition,PPSA02608,APR-EMU,"APR-EMU, RAR",01.000
Witch Spring R,PPSA22914,Folder · PKG,"PKG, Folder, RAR",01.000
Withering Rooms,PPSA21297,Backport 4.xx,"RAR, Backport 4.xx",01.000
Wo Long Fallen Dynasty,PPSA08772,exFAT · PKG · Backport,"Backport, PKG, exFAT, RAR, Backport 4.xx, ZIP, Backport 5.xx",01.027
Wonder Boy The Dragons Trap,PPSA07326,Backport 4.xx,"ZIP, Backport 4.xx, RAR",01.001.000
World War Z Aftermath,PPSA05424,exFAT · PKG · Backport,"Backport, APR-EMU, PKG, exFAT, RAR, Backport 4.xx",01.037
Worms Armageddon: Anniversary Edition,PPSA20052,exFAT · PKG · Backport,"Backport, exFAT, RAR, ZIP, Backport 4.xx, PKG",01.000
WRC Generations,PPSA07580,exFAT · PKG · Backport,"Backport, APR-EMU, PKG, Backport 4.xx, exFAT, RAR",01.004
Wreckreation,PPSA09823,exFAT · PKG · Backport,"Backport, exFAT, ZIP, Backport 4.xx, PKG",01.900.008
WUCHANG Fallen Feathers,PPSA09518,exFAT · Backport 4.xx,"exFAT, ZIP, Backport 4.xx",01.013
WUCHANG Fallen Feathers Deluxe Edition,PPSA09519,exFAT · PKG · Backport 4.xx,"exFAT, ZIP, Backport 4.xx, PKG",01.011
WWE 2K22,,PKG,PKG,01.007
WWE 2K22,PPSA03150,unknown,unknown,01.007
WWE 2K23,PPSA08105,PKG · Backport,"Backport, PKG, RAR, Backport 4.xx",01.022
WWE 2K24 Forty Years of WrestleMania Edition,PPSA16306,exFAT · PKG · Backport,"Backport, PKG, exFAT, Backport 4.xx",01.025
WWE 2K25,PPSA22695,exFAT · PKG · Backport 4.xx,"PKG, exFAT, RAR, Backport 4.xx",01.029
WWE 2K25 The Bloodline Edition,PPSA22696,Backport,Backport,01.029
WWE 2K26,PPSA34299,exFAT · PKG · Backport,"Backport, APR, PKG, exFAT, APR-EMU, Backport 4.xx, unknown",01.006
WWI Isonzo Ultimate Edition,PPSA03555,exFAT · PKG · Backport,"Backport, PKG, APR-EMU, exFAT, Backport 4.xx",01.051
Wytchwood,PPSA05721,exFAT · PKG,"exFAT, APR-EMU, PKG",01.000.005
XIII,PPSA02775,PKG,PKG,01.002
XIII,PPSA02774,unknown,unknown,01.002
Yakuza 0 Director’s Cut,PPSA31327,exFAT · PKG · Backport 4.xx,"APR-EMU, PKG, Backport 4.xx, Backport 10.xx, exFAT, RAR, Backport",01.015
Yakuza Kiwami,PPSA31334,exFAT · APR-EMU · Backport,"Backport, exFAT, APR-EMU, RAR, Backport 4.xx, Backport 10.xx",01.010
Yakuza Kiwami 2,PPSA31333,PKG · APR-EMU · Backport,"Backport, APR-EMU, PKG, Backport 4.xx, Backport 10.xx",01.010
Yakuza Kiwami 3 and Dark Ties Deluxe Edition,PPSA30223,exFAT · PKG · Backport,"Backport, APR-EMU, PKG, exFAT, Backport 4.xx, RAR",01.015
Yakuza Like A Dragon,PPSA02384,exFAT · PKG,"exFAT, PKG",01.003
Yakuza Like a Dragon Hero Edition,PPSA02690,exFAT · PKG,"PKG, exFAT, APR-EMU, RAR",01.003
Yatzi,PPSA17697,APR-EMU,"APR-EMU, RAR",01.000.100
Yonder The Cloud Catcher Chronicles,PPSA03076,unknown,unknown,1.0
Yooka-Replaylee,PPSA26097,exFAT · PKG · Backport 4.xx,"PKG, exFAT, Backport 4.xx, unknown",02.000
Ys X Proud Nordics,PPSA32457,PKG,"PKG, RAR",01.003
